,age
0,30
1,33
2,35
3,30
4,59
5,35
6,36
7,39
8,41
9,43
10,39
11,43
12,36
13,20
14,31
15,40
16,56
17,37
18,25
19,31
20,38
21,42
22,44
23,44
24,26
25,41
26,55
27,67
28,56
29,53
30,68
31,31
32,59
33,32
34,49
35,42
36,78
37,32
38,33
39,23
40,38
41,36
42,52
43,32
44,32
45,34
46,55
47,26
48,32
49,61
50,45
51,37
52,38
53,34
54,53
55,48
56,57
57,33
58,36
59,54
60,41
61,63
62,48
63,48
64,56
65,51
66,31
67,29
68,41
69,32
70,37
71,42
72,31
73,41
74,56
75,54
76,41
77,40
78,50
79,40
80,27
81,60
82,28
83,52
84,37
85,51
86,41
87,35
88,38
89,34
90,39
91,34
92,27
93,32
94,57
95,41
96,41
97,30
98,36
99,31
100,36
101,38
102,49
103,57
104,34
105,32
106,37
107,33
108,56
109,27
110,21
111,58
112,32
113,33
114,25
115,25
116,30
117,22
118,39
119,46
120,31
121,45
122,32
123,36
124,51
125,34
126,24
127,45
128,32
129,77
130,41
131,37
132,43
133,48
134,27
135,33
136,29
137,34
138,52
139,60
140,32
141,32
142,56
143,31
144,42
145,35
146,56
147,48
148,46
149,37
150,41
151,36
152,45
153,55
154,39
155,35
156,55
157,55
158,27
159,34
160,34
161,25
162,41
163,43
164,28
165,31
166,78
167,45
168,48
169,32
170,42
171,37
172,40
173,32
174,42
175,43
176,44
177,37
178,37
179,37
180,28
181,32
182,34
183,40
184,34
185,34
186,34
187,37
188,36
189,56
190,49
191,33
192,30
193,36
194,23
195,57
196,27
197,38
198,42
199,75
200,34
201,48
202,35
203,39
204,29
205,45
206,42
207,29
208,38
209,56
210,36
211,25
212,38
213,57
214,31
215,42
216,45
217,30
218,49
219,49
220,53
221,37
222,49
223,41
224,54
225,32
226,33
227,33
228,36
229,35
230,52
231,40
232,44
233,45
234,30
235,48
236,33
237,57
238,57
239,51
240,34
241,50
242,44
243,27
244,50
245,36
246,42
247,32
248,42
249,43
250,31
251,32
252,55
253,58
254,46
255,55
256,34
257,28
258,42
259,29
260,54
261,32
262,39
263,53
264,58
265,40
266,29
267,33
268,38
269,56
270,40
271,24
272,46
273,35
274,35
275,34
276,35
277,38
278,50
279,51
280,59
281,32
282,37
283,42
284,40
285,28
286,47
287,27
288,41
289,34
290,50
291,47
292,53
293,53
294,47
295,49
296,29
297,45
298,38
299,32
300,70
301,65
302,56
303,35
304,56
305,56
306,49
307,38
308,35
309,38
310,49
311,55
312,43
313,43
314,25
315,30
316,46
317,50
318,35
319,26
320,45
321,37
322,60
323,38
324,47
325,33
326,51
327,35
328,35
329,48
330,37
331,29
332,34
333,32
334,30
335,47
336,33
337,33
338,63
339,51
340,41
341,56
342,60
343,41
344,37
345,36
346,57
347,55
348,44
349,47
350,31
351,35
352,39
353,50
354,29
355,30
356,46
357,27
358,48
359,26
360,36
361,42
362,50
363,49
364,45
365,23
366,38
367,32
368,60
369,30
370,58
371,60
372,38
373,51
374,42
375,30
376,40
377,37
378,53
379,27
380,39
381,39
382,59
383,37
384,41
385,45
386,48
387,48
388,32
389,35
390,33
391,28
392,64
393,35
394,33
395,41
396,34
397,37
398,38
399,39
400,35
401,28
402,27
403,48
404,50
405,45
406,41
407,39
408,44
409,54
410,49
411,34
412,75
413,42
414,53
415,49
416,31
417,45
418,39
419,46
420,42
421,37
422,26
423,37
424,36
425,29
426,36
427,26
428,32
429,40
430,53
431,29
432,34
433,43
434,56
435,55
436,31
437,27
438,36
439,44
440,37
441,30
442,42
443,30
444,62
445,24
446,31
447,66
448,47
449,39
450,35
451,35
452,27
453,32
454,44
455,42
456,34
457,25
458,40
459,43
460,55
461,50
462,45
463,35
464,32
465,59
466,34
467,39
468,40
469,36
470,40
471,55
472,38
473,61
474,41
475,57
476,48
477,77
478,35
479,54
480,37
481,56
482,40
483,40
484,54
485,55
486,55
487,52
488,55
489,33
490,52
491,33
492,53
493,46
494,44
495,48
496,50
497,34
498,38
499,42
500,32
501,58
502,31
503,19
504,41
505,31
506,52
507,42
508,41
509,30
510,38
511,32
512,52
513,48
514,36
515,45
516,34
517,36
518,34
519,61
520,54
521,50
522,43
523,47
524,45
525,57
526,27
527,49
528,43
529,40
530,32
531,58
532,34
533,46
534,29
535,52
536,45
537,26
538,40
539,41
540,47
541,27
542,27
543,48
544,49
545,35
546,47
547,54
548,39
549,28
550,54
551,34
552,63
553,42
554,43
555,37
556,55
557,43
558,41
559,47
560,34
561,28
562,36
563,50
564,35
565,40
566,26
567,36
568,59
569,28
570,46
571,50
572,53
573,81
574,35
575,58
576,44
577,38
578,49
579,33
580,29
581,28
582,31
583,33
584,52
585,43
586,32
587,36
588,41
589,43
590,45
591,39
592,41
593,31
594,37
595,28
596,47
597,37
598,60
599,43
600,58
601,52
602,50
603,32
604,42
605,31
606,28
607,36
608,51
609,46
610,50
611,32
612,26
613,41
614,39
615,31
616,28
617,31
618,30
619,35
620,33
621,30
622,32
623,40
624,31
625,36
626,33
627,57
628,45
629,59
630,30
631,33
632,52
633,83
634,58
635,33
636,41
637,31
638,35
639,27
640,57
641,56
642,53
643,39
644,32
645,46
646,56
647,46
648,29
649,60
650,33
651,27
652,50
653,45
654,58
655,59
656,58
657,64
658,47
659,40
660,36
661,28
662,38
663,53
664,46
665,54
666,32
667,55
668,55
669,56
670,40
671,44
672,32
673,33
674,41
675,37
676,58
677,52
678,49
679,44
680,28
681,31
682,37
683,30
684,28
685,46
686,47
687,35
688,80
689,30
690,55
691,22
692,33
693,53
694,49
695,51
696,41
697,34
698,36
699,35
700,29
701,40
702,32
703,48
704,59
705,35
706,33
707,55
708,41
709,42
710,46
711,35
712,28
713,25
714,56
715,30
716,45
717,40
718,40
719,39
720,48
721,31
722,32
723,34
724,26
725,31
726,37
727,29
728,57
729,47
730,38
731,48
732,50
733,33
734,28
735,30
736,52
737,36
738,36
739,46
740,57
741,28
742,46
743,55
744,33
745,53
746,41
747,60
748,35
749,43
750,57
751,46
752,31
753,53
754,35
755,32
756,48
757,50
758,40
759,42
760,59
761,27
762,32
763,35
764,28
765,37
766,57
767,42
768,55
769,52
770,26
771,52
772,26
773,33
774,24
775,37
776,28
777,30
778,33
779,55
780,33
781,42
782,37
783,59
784,27
785,23
786,51
787,50
788,43
789,37
790,34
791,41
792,26
793,49
794,29
795,30
796,38
797,58
798,34
799,53
800,50
801,30
802,40
803,57
804,40
805,41
806,53
807,48
808,32
809,34
810,46
811,45
812,51
813,31
814,47
815,32
816,41
817,37
818,27
819,27
820,50
821,31
822,40
823,43
824,39
825,31
826,48
827,32
828,47
829,35
830,42
831,47
832,59
833,38
834,50
835,27
836,55
837,39
838,31
839,37
840,28
841,42
842,40
843,59
844,40
845,43
846,38
847,54
848,41
849,55
850,33
851,46
852,36
853,48
854,42
855,46
856,49
857,36
858,34
859,51
860,58
861,48
862,41
863,49
864,43
865,32
866,54
867,33
868,35
869,56
870,57
871,31
872,33
873,29
874,38
875,37
876,33
877,30
878,31
879,28
880,26
881,31
882,50
883,45
884,48
885,41
886,60
887,41
888,43
889,36
890,40
891,28
892,27
893,49
894,37
895,31
896,31
897,31
898,35
899,51
900,33
901,30
902,58
903,34
904,45
905,28
906,31
907,40
908,30
909,34
910,40
911,59
912,43
913,41
914,33
915,33
916,36
917,32
918,25
919,25
920,38
921,34
922,67
923,32
924,45
925,33
926,38
927,32
928,54
929,51
930,42
931,41
932,39
933,38
934,39
935,46
936,50
937,33
938,37
939,31
940,34
941,34
942,36
943,40
944,40
945,41
946,52
947,40
948,48
949,33
950,44
951,55
952,51
953,34
954,58
955,39
956,27
957,55
958,35
959,37
960,52
961,41
962,52
963,34
964,53
965,33
966,47
967,35
968,33
969,55
970,58
971,44
972,25
973,37
974,41
975,34
976,36
977,44
978,34
979,56
980,43
981,28
982,54
983,37
984,59
985,58
986,56
987,32
988,42
989,52
990,46
991,37
992,39
993,31
994,59
995,38
996,58
997,34
998,40
999,20
1000,34
1001,31
1002,39
1003,34
1004,24
1005,41
1006,40
1007,45
1008,36
1009,53
1010,23
1011,42
1012,48
1013,34
1014,36
1015,43
1016,36
1017,49
1018,55
1019,53
1020,42
1021,45
1022,31
1023,32
1024,36
1025,56
1026,46
1027,41
1028,31
1029,32
1030,38
1031,49
1032,46
1033,29
1034,36
1035,38
1036,53
1037,43
1038,41
1039,42
1040,55
1041,39
1042,30
1043,41
1044,44
1045,58
1046,35
1047,27
1048,34
1049,25
1050,36
1051,38
1052,30
1053,47
1054,41
1055,36
1056,63
1057,23
1058,32
1059,57
1060,48
1061,49
1062,50
1063,33
1064,53
1065,30
1066,38
1067,44
1068,39
1069,45
1070,36
1071,38
1072,36
1073,30
1074,28
1075,26
1076,54
1077,38
1078,32
1079,50
1080,43
1081,48
1082,57
1083,64
1084,26
1085,33
1086,50
1087,47
1088,39
1089,52
1090,31
1091,50
1092,47
1093,30
1094,32
1095,36
1096,46
1097,45
1098,37
1099,58
1100,59
1101,28
1102,48
1103,55
1104,37
1105,41
1106,35
1107,34
1108,43
1109,59
1110,50
1111,37
1112,35
1113,50
1114,36
1115,41
1116,28
1117,42
1118,60
1119,28
1120,48
1121,51
1122,32
1123,35
1124,37
1125,38
1126,77
1127,32
1128,43
1129,36
1130,29
1131,32
1132,41
1133,26
1134,34
1135,57
1136,36
1137,42
1138,35
1139,52
1140,36
1141,46
1142,60
1143,57
1144,48
1145,59
1146,39
1147,44
1148,27
1149,59
1150,36
1151,44
1152,50
1153,41
1154,47
1155,32
1156,38
1157,55
1158,38
1159,31
1160,38
1161,29
1162,55
1163,35
1164,40
1165,34
1166,32
1167,33
1168,33
1169,37
1170,58
1171,36
1172,42
1173,34
1174,35
1175,60
1176,50
1177,28
1178,27
1179,37
1180,31
1181,34
1182,38
1183,32
1184,37
1185,33
1186,71
1187,27
1188,38
1189,34
1190,54
1191,30
1192,35
1193,33
1194,36
1195,59
1196,72
1197,64
1198,53
1199,35
1200,58
1201,40
1202,41
1203,48
1204,44
1205,39
1206,61
1207,36
1208,28
1209,58
1210,60
1211,66
1212,36
1213,49
1214,40
1215,23
1216,29
1217,44
1218,54
1219,47
1220,33
1221,30
1222,27
1223,49
1224,27
1225,51
1226,32
1227,30
1228,33
1229,27
1230,75
1231,37
1232,36
1233,37
1234,35
1235,32
1236,32
1237,35
1238,31
1239,28
1240,27
1241,22
1242,35
1243,69
1244,37
1245,45
1246,47
1247,52
1248,33
1249,60
1250,33
1251,44
1252,38
1253,54
1254,32
1255,33
1256,55
1257,51
1258,48
1259,37
1260,33
1261,30
1262,43
1263,49
1264,54
1265,31
1266,54
1267,36
1268,30
1269,27
1270,30
1271,30
1272,35
1273,33
1274,43
1275,41
1276,41
1277,46
1278,54
1279,32
1280,30
1281,40
1282,30
1283,27
1284,41
1285,54
1286,32
1287,31
1288,42
1289,48
1290,34
1291,55
1292,49
1293,46
1294,47
1295,24
1296,58
1297,32
1298,25
1299,49
1300,59
1301,30
1302,46
1303,42
1304,37
1305,44
1306,49
1307,41
1308,48
1309,31
1310,37
1311,51
1312,80
1313,32
1314,48
1315,49
1316,30
1317,27
1318,34
1319,49
1320,48
1321,40
1322,38
1323,46
1324,41
1325,28
1326,51
1327,33
1328,26
1329,34
1330,27
1331,42
1332,45
1333,31
1334,32
1335,39
1336,26
1337,40
1338,52
1339,40
1340,48
1341,31
1342,27
1343,47
1344,28
1345,40
1346,34
1347,29
1348,36
1349,83
1350,55
1351,43
1352,23
1353,44
1354,58
1355,29
1356,30
1357,29
1358,41
1359,35
1360,31
1361,27
1362,47
1363,53
1364,34
1365,34
1366,36
1367,40
1368,37
1369,65
1370,53
1371,28
1372,33
1373,56
1374,45
1375,39
1376,28
1377,36
1378,41
1379,46
1380,41
1381,59
1382,24
1383,34
1384,40
1385,42
1386,50
1387,25
1388,51
1389,50
1390,37
1391,21
1392,52
1393,55
1394,26
1395,38
1396,32
1397,31
1398,34
1399,33
1400,35
1401,44
1402,48
1403,29
1404,50
1405,37
1406,44
1407,36
1408,49
1409,31
1410,49
1411,35
1412,57
1413,42
1414,36
1415,75
1416,38
1417,40
1418,38
1419,34
1420,29
1421,28
1422,79
1423,51
1424,32
1425,36
1426,38
1427,49
1428,42
1429,43
1430,34
1431,59
1432,35
1433,33
1434,34
1435,64
1436,34
1437,77
1438,57
1439,30
1440,56
1441,49
1442,73
1443,39
1444,57
1445,32
1446,32
1447,45
1448,32
1449,31
1450,49
1451,29
1452,55
1453,30
1454,45
1455,39
1456,36
1457,33
1458,36
1459,31
1460,36
1461,38
1462,33
1463,40
1464,31
1465,39
1466,33
1467,53
1468,38
1469,59
1470,55
1471,38
1472,48
1473,53
1474,44
1475,57
1476,29
1477,31
1478,35
1479,31
1480,35
1481,40
1482,39
1483,43
1484,44
1485,29
1486,40
1487,33
1488,46
1489,27
1490,26
1491,41
1492,34
1493,39
1494,27
1495,31
1496,44
1497,55
1498,51
1499,50
1500,30
1501,46
1502,49
1503,56
1504,47
1505,30
1506,36
1507,40
1508,37
1509,42
1510,45
1511,34
1512,27
1513,30
1514,32
1515,46
1516,29
1517,53
1518,32
1519,49
1520,35
1521,38
1522,39
1523,34
1524,42
1525,35
1526,60
1527,57
1528,31
1529,29
1530,41
1531,46
1532,33
1533,32
1534,54
1535,37
1536,32
1537,43
1538,50
1539,34
1540,31
1541,43
1542,49
1543,22
1544,35
1545,56
1546,53
1547,54
1548,32
1549,41
1550,40
1551,33
1552,33
1553,34
1554,36
1555,34
1556,55
1557,28
1558,29
1559,31
1560,52
1561,54
1562,43
1563,55
1564,28
1565,45
1566,45
1567,51
1568,42
1569,43
1570,34
1571,36
1572,37
1573,50
1574,42
1575,34
1576,48
1577,47
1578,40
1579,37
1580,38
1581,29
1582,46
1583,26
1584,30
1585,42
1586,42
1587,31
1588,37
1589,26
1590,54
1591,70
1592,29
1593,50
1594,60
1595,32
1596,32
1597,34
1598,48
1599,25
1600,32
1601,32
1602,47
1603,32
1604,49
1605,53
1606,41
1607,47
1608,35
1609,33
1610,49
1611,46
1612,29
1613,58
1614,40
1615,34
1616,60
1617,43
1618,50
1619,33
1620,37
1621,55
1622,45
1623,47
1624,58
1625,36
1626,55
1627,31
1628,38
1629,42
1630,32
1631,39
1632,41
1633,59
1634,42
1635,33
1636,53
1637,43
1638,39
1639,27
1640,39
1641,27
1642,33
1643,29
1644,33
1645,41
1646,38
1647,30
1648,58
1649,37
1650,36
1651,45
1652,23
1653,53
1654,44
1655,32
1656,32
1657,38
1658,47
1659,34
1660,52
1661,45
1662,50
1663,52
1664,37
1665,51
1666,32
1667,33
1668,28
1669,66
1670,31
1671,35
1672,47
1673,36
1674,32
1675,34
1676,40
1677,33
1678,39
1679,38
1680,32
1681,65
1682,34
1683,34
1684,42
1685,31
1686,47
1687,44
1688,38
1689,28
1690,46
1691,51
1692,42
1693,37
1694,58
1695,43
1696,36
1697,34
1698,31
1699,49
1700,54
1701,29
1702,51
1703,40
1704,35
1705,25
1706,32
1707,30
1708,38
1709,46
1710,43
1711,32
1712,29
1713,56
1714,57
1715,38
1716,51
1717,35
1718,37
1719,48
1720,30
1721,60
1722,56
1723,45
1724,38
1725,20
1726,59
1727,34
1728,36
1729,53
1730,51
1731,58
1732,48
1733,56
1734,51
1735,35
1736,40
1737,59
1738,44
1739,49
1740,35
1741,41
1742,55
1743,51
1744,27
1745,57
1746,51
1747,38
1748,49
1749,40
1750,47
1751,48
1752,47
1753,56
1754,29
1755,38
1756,32
1757,42
1758,30
1759,26
1760,35
1761,35
1762,35
1763,57
1764,29
1765,32
1766,45
1767,51
1768,31
1769,50
1770,38
1771,37
1772,35
1773,37
1774,28
1775,38
1776,43
1777,43
1778,56
1779,32
1780,58
1781,47
1782,31
1783,38
1784,50
1785,32
1786,37
1787,39
1788,40
1789,41
1790,45
1791,31
1792,54
1793,39
1794,56
1795,35
1796,34
1797,31
1798,38
1799,41
1800,44
1801,49
1802,30
1803,31
1804,34
1805,70
1806,45
1807,31
1808,57
1809,40
1810,28
1811,44
1812,49
1813,46
1814,34
1815,58
1816,52
1817,27
1818,48
1819,33
1820,46
1821,51
1822,31
1823,35
1824,37
1825,60
1826,40
1827,50
1828,34
1829,32
1830,36
1831,32
1832,40
1833,37
1834,57
1835,46
1836,31
1837,39
1838,35
1839,32
1840,44
1841,41
1842,59
1843,39
1844,54
1845,27
1846,51
1847,33
1848,38
1849,52
1850,54
1851,33
1852,50
1853,39
1854,34
1855,41
1856,48
1857,38
1858,34
1859,32
1860,48
1861,28
1862,47
1863,32
1864,32
1865,38
1866,86
1867,47
1868,42
1869,44
1870,25
1871,34
1872,34
1873,53
1874,42
1875,30
1876,26
1877,40
1878,34
1879,34
1880,40
1881,36
1882,34
1883,32
1884,39
1885,36
1886,39
1887,33
1888,34
1889,42
1890,46
1891,32
1892,27
1893,35
1894,53
1895,29
1896,35
1897,49
1898,58
1899,40
1900,19
1901,30
1902,34
1903,60
1904,28
1905,46
1906,49
1907,59
1908,44
1909,33
1910,54
1911,26
1912,54
1913,48
1914,30
1915,29
1916,51
1917,53
1918,43
1919,34
1920,40
1921,43
1922,33
1923,66
1924,44
1925,33
1926,31
1927,71
1928,22
1929,46
1930,32
1931,45
1932,32
1933,49
1934,27
1935,46
1936,37
1937,30
1938,44
1939,45
1940,27
1941,57
1942,66
1943,40
1944,48
1945,33
1946,42
1947,47
1948,27
1949,78
1950,50
1951,46
1952,41
1953,36
1954,49
1955,46
1956,77
1957,30
1958,43
1959,44
1960,40
1961,38
1962,25
1963,49
1964,33
1965,40
1966,44
1967,32
1968,52
1969,35
1970,35
1971,32
1972,42
1973,59
1974,44
1975,50
1976,27
1977,55
1978,54
1979,31
1980,56
1981,51
1982,61
1983,34
1984,56
1985,29
1986,34
1987,35
1988,56
1989,45
1990,31
1991,37
1992,43
1993,40
1994,44
1995,38
1996,58
1997,24
1998,53
1999,36
2000,28
2001,45
2002,32
2003,46
2004,28
2005,51
2006,51
2007,30
2008,39
2009,28
2010,31
2011,31
2012,38
2013,31
2014,74
2015,40
2016,43
2017,34
2018,54
2019,51
2020,33
2021,41
2022,33
2023,48
2024,42
2025,35
2026,25
2027,38
2028,45
2029,59
2030,47
2031,33
2032,59
2033,41
2034,42
2035,51
2036,45
2037,30
2038,33
2039,43
2040,37
2041,73
2042,43
2043,52
2044,44
2045,56
2046,21
2047,43
2048,54
2049,59
2050,52
2051,31
2052,53
2053,24
2054,57
2055,48
2056,57
2057,51
2058,50
2059,34
2060,43
2061,31
2062,29
2063,39
2064,36
2065,38
2066,56
2067,41
2068,47
2069,38
2070,80
2071,37
2072,44
2073,33
2074,53
2075,69
2076,46
2077,30
2078,31
2079,38
2080,34
2081,48
2082,46
2083,42
2084,41
2085,33
2086,39
2087,27
2088,26
2089,38
2090,48
2091,54
2092,51
2093,47
2094,53
2095,35
2096,58
2097,52
2098,57
2099,52
2100,35
2101,48
2102,46
2103,39
2104,38
2105,34
2106,47
2107,35
2108,46
2109,27
2110,31
2111,31
2112,46
2113,31
2114,33
2115,42
2116,33
2117,40
2118,51
2119,31
2120,62
2121,24
2122,48
2123,41
2124,43
2125,52
2126,54
2127,32
2128,38
2129,41
2130,31
2131,35
2132,26
2133,52
2134,58
2135,57
2136,34
2137,59
2138,27
2139,42
2140,47
2141,33
2142,31
2143,37
2144,29
2145,38
2146,35
2147,31
2148,62
2149,32
2150,31
2151,51
2152,29
2153,43
2154,36
2155,34
2156,29
2157,57
2158,43
2159,33
2160,60
2161,51
2162,40
2163,51
2164,38
2165,35
2166,47
2167,45
2168,40
2169,29
2170,52
2171,26
2172,31
2173,55
2174,35
2175,56
2176,28
2177,27
2178,30
2179,51
2180,33
2181,32
2182,43
2183,46
2184,32
2185,40
2186,39
2187,51
2188,46
2189,43
2190,36
2191,48
2192,26
2193,39
2194,47
2195,23
2196,54
2197,38
2198,33
2199,35
2200,52
2201,25
2202,29
2203,35
2204,49
2205,41
2206,32
2207,29
2208,28
2209,59
2210,34
2211,55
2212,34
2213,24
2214,42
2215,34
2216,34
2217,51
2218,58
2219,44
2220,33
2221,34
2222,34
2223,42
2224,46
2225,31
2226,39
2227,34
2228,47
2229,42
2230,48
2231,30
2232,38
2233,24
2234,34
2235,46
2236,32
2237,46
2238,26
2239,42
2240,50
2241,41
2242,34
2243,32
2244,58
2245,45
2246,28
2247,35
2248,39
2249,49
2250,50
2251,37
2252,45
2253,30
2254,48
2255,36
2256,41
2257,55
2258,70
2259,41
2260,47
2261,34
2262,33
2263,58
2264,51
2265,45
2266,55
2267,30
2268,33
2269,27
2270,59
2271,34
2272,47
2273,44
2274,35
2275,45
2276,42
2277,38
2278,34
2279,35
2280,29
2281,58
2282,44
2283,45
2284,43
2285,44
2286,30
2287,38
2288,50
2289,21
2290,38
2291,42
2292,45
2293,34
2294,48
2295,34
2296,32
2297,35
2298,39
2299,36
2300,35
2301,57
2302,28
2303,43
2304,57
2305,34
2306,36
2307,47
2308,36
2309,33
2310,57
2311,57
2312,34
2313,51
2314,54
2315,52
2316,43
2317,58
2318,53
2319,44
2320,29
2321,27
2322,35
2323,40
2324,34
2325,38
2326,32
2327,41
2328,25
2329,38
2330,26
2331,37
2332,30
2333,36
2334,33
2335,33
2336,35
2337,24
2338,29
2339,54
2340,27
2341,34
2342,39
2343,38
2344,37
2345,26
2346,36
2347,35
2348,30
2349,25
2350,34
2351,52
2352,39
2353,34
2354,34
2355,30
2356,33
2357,30
2358,51
2359,36
2360,48
2361,37
2362,58
2363,56
2364,34
2365,33
2366,26
2367,40
2368,35
2369,45
2370,37
2371,35
2372,43
2373,28
2374,32
2375,26
2376,35
2377,35
2378,39
2379,42
2380,32
2381,30
2382,26
2383,30
2384,32
2385,47
2386,33
2387,57
2388,35
2389,53
2390,24
2391,54
2392,31
2393,41
2394,44
2395,35
2396,30
2397,43
2398,51
2399,60
2400,43
2401,31
2402,56
2403,42
2404,52
2405,40
2406,36
2407,40
2408,46
2409,32
2410,31
2411,41
2412,58
2413,36
2414,52
2415,42
2416,32
2417,62
2418,31
2419,41
2420,34
2421,44
2422,42
2423,37
2424,47
2425,32
2426,46
2427,39
2428,28
2429,26
2430,52
2431,42
2432,33
2433,73
2434,35
2435,40
2436,51
2437,37
2438,39
2439,28
2440,49
2441,36
2442,45
2443,29
2444,35
2445,35
2446,30
2447,46
2448,25
2449,36
2450,42
2451,57
2452,42
2453,29
2454,36
2455,31
2456,59
2457,50
2458,47
2459,46
2460,26
2461,31
2462,30
2463,47
2464,23
2465,44
2466,42
2467,32
2468,28
2469,57
2470,38
2471,22
2472,54
2473,32
2474,32
2475,59
2476,45
2477,53
2478,50
2479,34
2480,35
2481,30
2482,62
2483,40
2484,26
2485,34
2486,50
2487,31
2488,35
2489,55
2490,34
2491,58
2492,50
2493,31
2494,47
2495,38
2496,46
2497,42
2498,34
2499,37
2500,38
2501,59
2502,32
2503,55
2504,35
2505,56
2506,27
2507,42
2508,42
2509,41
2510,53
2511,67
2512,53
2513,33
2514,31
2515,31
2516,30
2517,48
2518,30
2519,43
2520,38
2521,46
2522,59
2523,44
2524,35
2525,55
2526,39
2527,36
2528,33
2529,48
2530,33
2531,67
2532,48
2533,57
2534,31
2535,30
2536,56
2537,26
2538,44
2539,44
2540,31
2541,47
2542,30
2543,37
2544,56
2545,43
2546,42
2547,60
2548,34
2549,34
2550,41
2551,38
2552,23
2553,33
2554,36
2555,49
2556,34
2557,40
2558,72
2559,43
2560,44
2561,35
2562,46
2563,55
2564,50
2565,23
2566,34
2567,40
2568,61
2569,53
2570,57
2571,28
2572,25
2573,38
2574,27
2575,45
2576,31
2577,39
2578,42
2579,46
2580,36
2581,30
2582,32
2583,52
2584,31
2585,60
2586,35
2587,38
2588,46
2589,45
2590,59
2591,34
2592,33
2593,46
2594,48
2595,31
2596,32
2597,35
2598,36
2599,52
2600,45
2601,34
2602,25
2603,26
2604,57
2605,48
2606,48
2607,32
2608,58
2609,57
2610,31
2611,33
2612,53
2613,36
2614,32
2615,45
2616,35
2617,41
2618,54
2619,49
2620,28
2621,24
2622,30
2623,32
2624,53
2625,42
2626,48
2627,33
2628,31
2629,56
2630,58
2631,37
2632,59
2633,50
2634,39
2635,30
2636,47
2637,44
2638,38
2639,50
2640,27
2641,73
2642,46
2643,56
2644,36
2645,33
2646,40
2647,52
2648,51
2649,33
2650,54
2651,44
2652,50
2653,45
2654,36
2655,42
2656,37
2657,28
2658,56
2659,59
2660,32
2661,57
2662,49
2663,56
2664,48
2665,27
2666,31
2667,28
2668,36
2669,58
2670,46
2671,32
2672,39
2673,35
2674,31
2675,29
2676,48
2677,60
2678,74
2679,30
2680,52
2681,24
2682,29
2683,33
2684,34
2685,45
2686,31
2687,45
2688,27
2689,30
2690,45
2691,57
2692,34
2693,40
2694,39
2695,46
2696,55
2697,25
2698,34
2699,37
2700,64
2701,45
2702,57
2703,21
2704,58
2705,41
2706,41
2707,58
2708,33
2709,32
2710,44
2711,47
2712,41
2713,54
2714,47
2715,32
2716,59
2717,29
2718,48
2719,32
2720,46
2721,31
2722,53
2723,34
2724,48
2725,32
2726,31
2727,27
2728,60
2729,34
2730,52
2731,48
2732,45
2733,54
2734,52
2735,47
2736,54
2737,34
2738,39
2739,46
2740,26
2741,37
2742,47
2743,35
2744,57
2745,34
2746,47
2747,27
2748,40
2749,39
2750,36
2751,42
2752,23
2753,34
2754,34
2755,49
2756,57
2757,59
2758,57
2759,34
2760,61
2761,35
2762,42
2763,57
2764,42
2765,53
2766,63
2767,47
2768,54
2769,45
2770,28
2771,58
2772,48
2773,35
2774,37
2775,37
2776,37
2777,25
2778,58
2779,52
2780,19
2781,59
2782,41
2783,34
2784,35
2785,41
2786,28
2787,53
2788,35
2789,33
2790,37
2791,32
2792,32
2793,54
2794,44
2795,36
2796,56
2797,30
2798,36
2799,43
2800,40
2801,32
2802,34
2803,37
2804,28
2805,35
2806,53
2807,60
2808,40
2809,57
2810,29
2811,44
2812,41
2813,47
2814,43
2815,37
2816,34
2817,30
2818,57
2819,26
2820,34
2821,46
2822,38
2823,37
2824,28
2825,57
2826,39
2827,49
2828,38
2829,27
2830,30
2831,38
2832,36
2833,38
2834,59
2835,37
2836,29
2837,43
2838,33
2839,54
2840,55
2841,32
2842,48
2843,33
2844,46
2845,44
2846,47
2847,38
2848,80
2849,40
2850,43
2851,32
2852,39
2853,33
2854,31
2855,36
2856,35
2857,25
2858,33
2859,23
2860,31
2861,36
2862,44
2863,31
2864,55
2865,51
2866,36
2867,27
2868,40
2869,49
2870,59
2871,32
2872,42
2873,35
2874,29
2875,29
2876,37
2877,49
2878,51
2879,61
2880,43
2881,42
2882,24
2883,46
2884,23
2885,26
2886,43
2887,35
2888,38
2889,56
2890,31
2891,32
2892,28
2893,26
2894,49
2895,33
2896,80
2897,40
2898,42
2899,46
2900,32
2901,37
2902,32
2903,53
2904,39
2905,31
2906,34
2907,44
2908,35
2909,39
2910,55
2911,34
2912,39
2913,58
2914,37
2915,56
2916,32
2917,41
2918,29
2919,44
2920,24
2921,43
2922,26
2923,39
2924,49
2925,52
2926,33
2927,30
2928,32
2929,27
2930,58
2931,46
2932,28
2933,39
2934,41
2935,38
2936,50
2937,56
2938,34
2939,33
2940,61
2941,36
2942,34
2943,36
2944,45
2945,27
2946,45
2947,40
2948,36
2949,46
2950,37
2951,36
2952,37
2953,22
2954,51
2955,49
2956,35
2957,50
2958,31
2959,47
2960,59
2961,32
2962,71
2963,31
2964,41
2965,35
2966,36
2967,46
2968,46
2969,47
2970,35
2971,37
2972,56
2973,46
2974,44
2975,48
2976,28
2977,38
2978,34
2979,56
2980,55
2981,44
2982,38
2983,53
2984,41
2985,34
2986,34
2987,35
2988,38
2989,42
2990,56
2991,37
2992,47
2993,29
2994,41
2995,43
2996,38
2997,31
2998,32
2999,40
3000,45
3001,43
3002,27
3003,33
3004,37
3005,60
3006,51
3007,44
3008,48
3009,57
3010,29
3011,50
3012,36
3013,49
3014,49
3015,35
3016,39
3017,34
3018,57
3019,37
3020,25
3021,43
3022,37
3023,36
3024,49
3025,38
3026,39
3027,40
3028,34
3029,39
3030,53
3031,44
3032,32
3033,50
3034,29
3035,55
3036,73
3037,52
3038,49
3039,63
3040,34
3041,32
3042,49
3043,40
3044,53
3045,53
3046,43
3047,35
3048,35
3049,25
3050,31
3051,48
3052,40
3053,46
3054,30
3055,47
3056,23
3057,29
3058,38
3059,56
3060,52
3061,55
3062,43
3063,34
3064,43
3065,55
3066,34
3067,34
3068,43
3069,39
3070,39
3071,34
3072,55
3073,67
3074,34
3075,47
3076,33
3077,45
3078,36
3079,59
3080,33
3081,52
3082,53
3083,41
3084,45
3085,60
3086,32
3087,28
3088,31
3089,53
3090,58
3091,38
3092,46
3093,53
3094,56
3095,52
3096,38
3097,37
3098,37
3099,37
3100,66
3101,44
3102,61
3103,34
3104,33
3105,30
3106,27
3107,37
3108,38
3109,35
3110,50
3111,39
3112,35
3113,36
3114,28
3115,39
3116,39
3117,30
3118,32
3119,28
3120,47
3121,53
3122,57
3123,47
3124,56
3125,38
3126,52
3127,46
3128,57
3129,42
3130,57
3131,51
3132,53
3133,37
3134,47
3135,48
3136,39
3137,42
3138,36
3139,34
3140,61
3141,32
3142,35
3143,54
3144,31
3145,45
3146,32
3147,52
3148,36
3149,31
3150,53
3151,43
3152,47
3153,46
3154,34
3155,55
3156,23
3157,75
3158,58
3159,35
3160,27
3161,24
3162,48
3163,31
3164,57
3165,53
3166,42
3167,50
3168,59
3169,38
3170,39
3171,28
3172,55
3173,33
3174,36
3175,38
3176,28
3177,32
3178,35
3179,58
3180,30
3181,33
3182,36
3183,32
3184,34
3185,42
3186,41
3187,63
3188,38
3189,54
3190,39
3191,46
3192,37
3193,76
3194,28
3195,33
3196,46
3197,30
3198,60
3199,56
3200,24
3201,58
3202,79
3203,32
3204,33
3205,77
3206,60
3207,54
3208,30
3209,50
3210,50
3211,37
3212,41
3213,49
3214,41
3215,40
3216,38
3217,34
3218,49
3219,72
3220,34
3221,31
3222,33
3223,31
3224,55
3225,25
3226,34
3227,53
3228,39
3229,41
3230,32
3231,29
3232,56
3233,19
3234,39
3235,32
3236,43
3237,32
3238,53
3239,52
3240,43
3241,48
3242,27
3243,27
3244,51
3245,39
3246,33
3247,50
3248,59
3249,58
3250,54
3251,60
3252,38
3253,39
3254,40
3255,55
3256,36
3257,31
3258,38
3259,52
3260,45
3261,32
3262,58
3263,35
3264,36
3265,55
3266,45
3267,49
3268,44
3269,37
3270,35
3271,36
3272,44
3273,32
3274,56
3275,32
3276,35
3277,44
3278,59
3279,31
3280,60
3281,33
3282,45
3283,45
3284,57
3285,36
3286,30
3287,30
3288,59
3289,58
3290,49
3291,48
3292,28
3293,59
3294,40
3295,32
3296,58
3297,28
3298,27
3299,38
3300,53
3301,60
3302,33
3303,52
3304,64
3305,40
3306,52
3307,28
3308,49
3309,28
3310,29
3311,87
3312,37
3313,36
3314,35
3315,33
3316,60
3317,25
3318,69
3319,41
3320,48
3321,35
3322,30
3323,59
3324,32
3325,28
3326,60
3327,36
3328,32
3329,34
3330,58
3331,53
3332,31
3333,33
3334,46
3335,29
3336,37
3337,58
3338,34
3339,34
3340,49
3341,53
3342,42
3343,40
3344,30
3345,31
3346,55
3347,36
3348,31
3349,26
3350,31
3351,49
3352,54
3353,47
3354,61
3355,49
3356,51
3357,53
3358,35
3359,25
3360,79
3361,53
3362,21
3363,33
3364,40
3365,34
3366,52
3367,27
3368,57
3369,51
3370,31
3371,49
3372,32
3373,28
3374,33
3375,50
3376,42
3377,45
3378,34
3379,56
3380,33
3381,34
3382,37
3383,37
3384,35
3385,38
3386,32
3387,52
3388,49
3389,46
3390,42
3391,36
3392,32
3393,49
3394,46
3395,40
3396,36
3397,36
3398,34
3399,46
3400,32
3401,32
3402,32
3403,43
3404,25
3405,55
3406,24
3407,40
3408,38
3409,48
3410,36
3411,57
3412,45
3413,33
3414,38
3415,26
3416,30
3417,55
3418,34
3419,60
3420,36
3421,65
3422,39
3423,52
3424,55
3425,26
3426,40
3427,52
3428,29
3429,41
3430,30
3431,28
3432,26
3433,58
3434,29
3435,48
3436,35
3437,26
3438,49
3439,34
3440,32
3441,31
3442,48
3443,40
3444,42
3445,48
3446,38
3447,53
3448,59
3449,28
3450,41
3451,50
3452,31
3453,30
3454,59
3455,33
3456,35
3457,30
3458,71
3459,30
3460,24
3461,34
3462,34
3463,52
3464,33
3465,38
3466,41
3467,42
3468,38
3469,48
3470,34
3471,46
3472,33
3473,40
3474,36
3475,32
3476,33
3477,55
3478,58
3479,25
3480,47
3481,40
3482,59
3483,40
3484,30
3485,25
3486,58
3487,39
3488,40
3489,38
3490,66
3491,47
3492,37
3493,36
3494,50
3495,76
3496,58
3497,42
3498,58
3499,28
3500,41
3501,30
3502,32
3503,27
3504,48
3505,36
3506,54
3507,36
3508,52
3509,34
3510,43
3511,32
3512,33
3513,51
3514,39
3515,44
3516,49
3517,25
3518,39
3519,54
3520,32
3521,36
3522,54
3523,31
3524,45
3525,31
3526,45
3527,33
3528,46
3529,43
3530,50
3531,44
3532,42
3533,26
3534,47
3535,48
3536,60
3537,27
3538,30
3539,28
3540,58
3541,37
3542,36
3543,39
3544,52
3545,55
3546,30
3547,36
3548,39
3549,47
3550,42
3551,42
3552,58
3553,68
3554,43
3555,44
3556,49
3557,57
3558,61
3559,36
3560,31
3561,51
3562,31
3563,56
3564,30
3565,38
3566,35
3567,31
3568,39
3569,50
3570,39
3571,26
3572,55
3573,43
3574,34
3575,51
3576,31
3577,32
3578,53
3579,44
3580,38
3581,47
3582,36
3583,30
3584,46
3585,33
3586,43
3587,38
3588,27
3589,38
3590,41
3591,29
3592,39
3593,42
3594,47
3595,30
3596,34
3597,45
3598,43
3599,59
3600,50
3601,39
3602,36
3603,44
3604,36
3605,27
3606,29
3607,70
3608,44
3609,55
3610,36
3611,28
3612,50
3613,49
3614,71
3615,31
3616,45
3617,42
3618,45
3619,47
3620,60
3621,35
3622,31
3623,33
3624,50
3625,51
3626,34
3627,56
3628,29
3629,31
3630,44
3631,55
3632,35
3633,36
3634,54
3635,32
3636,36
3637,60
3638,32
3639,57
3640,34
3641,27
3642,52
3643,45
3644,58
3645,39
3646,48
3647,36
3648,31
3649,41
3650,30
3651,57
3652,29
3653,29
3654,30
3655,44
3656,33
3657,56
3658,26
3659,52
3660,32
3661,36
3662,26
3663,37
3664,34
3665,26
3666,32
3667,30
3668,27
3669,42
3670,33
3671,37
3672,45
3673,36
3674,39
3675,33
3676,47
3677,49
3678,46
3679,31
3680,43
3681,30
3682,43
3683,42
3684,30
3685,33
3686,41
3687,29
3688,38
3689,29
3690,80
3691,38
3692,36
3693,38
3694,44
3695,31
3696,31
3697,57
3698,37
3699,50
3700,60
3701,51
3702,48
3703,42
3704,36
3705,43
3706,31
3707,49
3708,35
3709,44
3710,34
3711,46
3712,49
3713,32
3714,35
3715,51
3716,57
3717,59
3718,40
3719,49
3720,51
3721,35
3722,29
3723,32
3724,37
3725,49
3726,45
3727,34
3728,53
3729,42
3730,43
3731,52
3732,34
3733,34
3734,27
3735,43
3736,41
3737,72
3738,35
3739,41
3740,36
3741,51
3742,37
3743,42
3744,26
3745,23
3746,50
3747,37
3748,35
3749,37
3750,79
3751,39
3752,47
3753,44
3754,36
3755,33
3756,42
3757,35
3758,31
3759,58
3760,46
3761,41
3762,58
3763,33
3764,31
3765,55
3766,38
3767,55
3768,47
3769,51
3770,46
3771,61
3772,47
3773,34
3774,34
3775,41
3776,36
3777,26
3778,35
3779,36
3780,26
3781,58
3782,50
3783,61
3784,28
3785,49
3786,74
3787,53
3788,46
3789,47
3790,42
3791,56
3792,42
3793,49
3794,43
3795,39
3796,66
3797,30
3798,38
3799,31
3800,32
3801,48
3802,34
3803,28
3804,40
3805,36
3806,52
3807,46
3808,25
3809,52
3810,40
3811,26
3812,26
3813,35
3814,40
3815,31
3816,32
3817,33
3818,53
3819,46
3820,28
3821,31
3822,44
3823,35
3824,50
3825,32
3826,51
3827,51
3828,31
3829,41
3830,57
3831,34
3832,47
3833,47
3834,36
3835,29
3836,39
3837,53
3838,47
3839,51
3840,48
3841,32
3842,36
3843,50
3844,39
3845,31
3846,49
3847,33
3848,26
3849,27
3850,51
3851,26
3852,45
3853,54
3854,49
3855,47
3856,42
3857,50
3858,37
3859,54
3860,40
3861,50
3862,57
3863,33
3864,49
3865,35
3866,28
3867,58
3868,31
3869,36
3870,49
3871,30
3872,29
3873,50
3874,26
3875,27
3876,32
3877,62
3878,34
3879,25
3880,34
3881,44
3882,38
3883,57
3884,36
3885,41
3886,36
3887,27
3888,37
3889,47
3890,31
3891,39
3892,35
3893,40
3894,38
3895,31
3896,36
3897,53
3898,59
3899,29
3900,30
3901,52
3902,55
3903,56
3904,32
3905,24
3906,51
3907,36
3908,36
3909,42
3910,49
3911,48
3912,36
3913,48
3914,30
3915,27
3916,38
3917,36
3918,45
3919,44
3920,42
3921,37
3922,48
3923,57
3924,44
3925,48
3926,56
3927,37
3928,47
3929,54
3930,51
3931,47
3932,25
3933,39
3934,40
3935,38
3936,34
3937,53
3938,32
3939,35
3940,24
3941,58
3942,49
3943,45
3944,55
3945,42
3946,28
3947,48
3948,51
3949,38
3950,27
3951,50
3952,44
3953,40
3954,29
3955,34
3956,44
3957,50
3958,34
3959,54
3960,34
3961,34
3962,52
3963,60
3964,39
3965,58
3966,41
3967,48
3968,58
3969,40
3970,48
3971,52
3972,50
3973,25
3974,54
3975,34
3976,48
3977,37
3978,66
3979,32
3980,45
3981,43
3982,41
3983,40
3984,44
3985,43
3986,30
3987,32
3988,57
3989,31
3990,49
3991,31
3992,41
3993,44
3994,54
3995,37
3996,34
3997,43
3998,44
3999,44
4000,53
4001,36
4002,58
4003,26
4004,34
4005,55
4006,55
4007,34
4008,41
4009,38
4010,28
4011,41
4012,30
4013,39
4014,41
4015,36
4016,37
4017,59
4018,26
4019,43
4020,42
4021,46
4022,31
4023,43
4024,48
4025,41
4026,32
4027,45
4028,52
4029,37
4030,38
4031,36
4032,58
4033,37
4034,30
4035,47
4036,40
4037,42
4038,71
4039,54
4040,53
4041,33
4042,30
4043,39
4044,32
4045,34
4046,39
4047,75
4048,33
4049,40
4050,37
4051,69
4052,52
4053,31
4054,28
4055,29
4056,46
4057,28
4058,41
4059,42
4060,34
4061,28
4062,43
4063,32
4064,33
4065,70
4066,36
4067,53
4068,30
4069,45
4070,31
4071,28
4072,45
4073,51
4074,53
4075,40
4076,53
4077,31
4078,30
4079,53
4080,40
4081,26
4082,47
4083,51
4084,45
4085,35
4086,36
4087,57
4088,42
4089,32
4090,30
4091,36
4092,43
4093,69
4094,31
4095,35
4096,26
4097,46
4098,30
4099,33
4100,34
4101,48
4102,31
4103,46
4104,40
4105,39
4106,33
4107,50
4108,84
4109,40
4110,55
4111,40
4112,46
4113,43
4114,34
4115,35
4116,57
4117,25
4118,32
4119,52
4120,31
4121,34
4122,42
4123,47
4124,50
4125,30
4126,33
4127,56
4128,34
4129,33
4130,32
4131,34
4132,37
4133,30
4134,29
4135,56
4136,31
4137,59
4138,36
4139,51
4140,54
4141,37
4142,32
4143,42
4144,29
4145,52
4146,40
4147,30
4148,55
4149,49
4150,33
4151,32
4152,21
4153,42
4154,56
4155,39
4156,30
4157,55
4158,43
4159,53
4160,57
4161,39
4162,56
4163,29
4164,38
4165,59
4166,42
4167,46
4168,31
4169,35
4170,50
4171,42
4172,36
4173,25
4174,42
4175,27
4176,32
4177,57
4178,48
4179,34
4180,33
4181,26
4182,50
4183,60
4184,47
4185,31
4186,52
4187,36
4188,43
4189,30
4190,32
4191,31
4192,29
4193,48
4194,32
4195,30
4196,48
4197,51
4198,34
4199,35
4200,49
4201,36
4202,37
4203,37
4204,49
4205,44
4206,40
4207,57
4208,39
4209,38
4210,51
4211,27
4212,38
4213,30
4214,36
4215,37
4216,53
4217,38
4218,48
4219,26
4220,33
4221,47
4222,45
4223,32
4224,69
4225,65
4226,37
4227,45
4228,36
4229,62
4230,37
4231,39
4232,38
4233,31
4234,58
4235,44
4236,31
4237,33
4238,36
4239,31
4240,45
4241,30
4242,34
4243,34
4244,39
4245,41
4246,32
4247,32
4248,36
4249,35
4250,32
4251,33
4252,49
4253,35
4254,31
4255,42
4256,34
4257,32
4258,29
4259,32
4260,50
4261,58
4262,59
4263,25
4264,57
4265,30
4266,26
4267,50
4268,39
4269,45
4270,37
4271,47
4272,50
4273,40
4274,35
4275,53
4276,35
4277,54
4278,35
4279,31
4280,46
4281,52
4282,34
4283,46
4284,54
4285,37
4286,39
4287,50
4288,44
4289,56
4290,40
4291,36
4292,33
4293,33
4294,42
4295,30
4296,33
4297,26
4298,26
4299,37
4300,59
4301,49
4302,33
4303,46
4304,55
4305,49
4306,51
4307,27
4308,44
4309,40
4310,36
4311,46
4312,30
4313,35
4314,31
4315,37
4316,49
4317,27
4318,32
4319,70
4320,22
4321,58
4322,33
4323,83
4324,50
4325,53
4326,37
4327,55
4328,49
4329,41
4330,40
4331,48
4332,27
4333,30
4334,37
4335,37
4336,40
4337,73
4338,50
4339,53
4340,47
4341,33
4342,50
4343,51
4344,42
4345,34
4346,44
4347,32
4348,60
4349,60
4350,29
4351,39
4352,47
4353,30
4354,31
4355,34
4356,51
4357,38
4358,47
4359,46
4360,33
4361,30
4362,40
4363,38
4364,63
4365,33
4366,59
4367,29
4368,54
4369,57
4370,57
4371,28
4372,30
4373,28
4374,45
4375,29
4376,42
4377,31
4378,59
4379,41
4380,57
4381,43
4382,30
4383,26
4384,52
4385,32
4386,39
4387,31
4388,83
4389,34
4390,40
4391,39
4392,50
4393,30
4394,43
4395,49
4396,41
4397,35
4398,57
4399,29
4400,48
4401,38
4402,41
4403,39
4404,31
4405,51
4406,35
4407,45
4408,28
4409,57
4410,36
4411,49
4412,34
4413,65
4414,26
4415,52
4416,32
4417,33
4418,43
4419,26
4420,45
4421,30
4422,37
4423,45
4424,34
4425,35
4426,41
4427,42
4428,48
4429,45
4430,47
4431,37
4432,32
4433,40
4434,35
4435,31
4436,36
4437,44
4438,52
4439,28
4440,45
4441,38
4442,39
4443,28
4444,31
4445,46
4446,22
4447,49
4448,44
4449,31
4450,53
4451,55
4452,35
4453,35
4454,37
4455,50
4456,37
4457,37
4458,29
4459,31
4460,40
4461,47
4462,55
4463,33
4464,53
4465,38
4466,61
4467,43
4468,42
4469,36
4470,31
4471,59
4472,29
4473,33
4474,44
4475,43
4476,42
4477,32
4478,43
4479,39
4480,23
4481,43
4482,46
4483,31
4484,38
4485,53
4486,37
4487,49
4488,31
4489,45
4490,58
4491,35
4492,32
4493,28
4494,26
4495,48
4496,30
4497,31
4498,31
4499,45
4500,38
4501,34
4502,42
4503,60
4504,42
4505,32
4506,42
4507,33
4508,42
4509,51
4510,36
4511,46
4512,40
4513,49
4514,38
4515,32
4516,33
4517,57
4518,57
4519,28
4520,44
