,price,feature1,feature2
0,461.5279293935809,999.7875575188533,999.7660961983588
1,548.1300114599096,998.8616149123676,1001.0424031538955
2,410.2971616727477,1000.0702669091073,998.8440146285707
3,540.3822198140741,999.9522512998312,1000.4409403097619
4,546.0245529164562,1000.4460109349071,1000.3385312934137
5,542.9836715980255,999.693183680952,1000.6280062225203
6,555.4856641557159,1000.2758550559213,1000.444949437216
7,417.569724534508,1000.414204534198,998.8784862396268
8,373.14653121679606,1000.0166064839841,998.475996714074
9,633.3502924774541,999.9056456127553,1001.5944813896193
10,624.247092064156,1002.0999754232564,1000.4889149679747
11,475.3724172064315,1000.2308192953343,999.5639425977988
12,600.3684448550832,999.7043113938887,1001.3861565774105
13,532.8329517531154,1000.7715755888736,999.939106918522
14,472.8353627974771,999.3229434497522,1000.055359565865
15,506.3122909648117,1000.3794028860226,999.8292801841648
16,508.4144059952209,998.5131313474504,1000.7177563029114
17,610.4553519022312,1001.401115475032,1000.4865928693204
18,323.65776197680174,999.6872831681927,998.1774564383384
19,446.2123038899063,1001.254834008036,998.7724224980917
20,362.1227029921573,998.8064520621443,998.9567829125324
21,433.41064026006165,1000.0030487422692,999.1431146145877
22,562.0025764698489,1002.1074940808264,999.777492627623
23,637.3096207432424,1001.1589761399993,1001.0779914137092
24,522.808007536568,999.4912284357132,1000.5451767964876
25,469.80282429759,1000.4318800074147,999.4286018544503
26,543.1099277810902,1000.1318692016968,1000.4094220705873
27,565.434169937479,999.3470969105801,1001.0191945956328
28,530.0328538065396,1000.2244304219928,1000.276173558712
29,610.5801650305415,1000.8071350954357,1000.8427064981222
30,482.5564118848851,999.6517091506616,1000.0600105123546
31,327.56004052215735,1000.1133067451557,997.9761287454477
32,579.7308387221567,999.9240058305924,1000.9257261238847
33,448.4298146790867,999.666962694923,999.7039946779147
34,628.9770918674018,1000.7282142369336,1001.1104617548068
35,536.7973721638597,1001.4552170319088,999.7651197891017
36,570.0672954330697,1000.4824719686827,1000.51681866568
37,357.82557518578705,998.5105326770024,999.0307696293589
38,612.0849273173208,1001.813058340374,1000.3940316201378
39,444.6797084597428,998.7935419254767,999.9086070971204
40,600.1186364029229,999.5403585817439,1001.2346066869844
41,523.5331277555823,999.246727575384,1000.6760651308953
42,512.949944948852,998.675374143725,1000.7624611590387
43,614.8813168955377,1001.5342689799347,1000.5537843911585
44,404.353032511081,999.425448016052,999.1979887733896
45,643.6885180735171,998.9991530762936,1002.0561547012248
46,488.95660397754784,1000.0761373323959,999.7775334696613
47,443.2046857171032,1000.9819298254256,998.9601219675883
48,514.4790663755915,1000.063324619991,1000.1629874166696
49,514.8817405773764,1001.3015785867116,999.5432240746844
50,325.05852216633303,999.8625557670354,998.0624364132667
51,554.6620585042019,1001.8386075014163,999.8305875876463
52,451.39140000665856,999.0579635220872,999.8880030172301
53,587.6788772559203,1000.7532695473732,1000.5575821758333
54,477.7374972127375,1000.3443378203087,999.5603603213234
55,574.5156068712287,1002.024018976604,999.919989276386
56,548.9107990956151,999.4084948838406,1000.8667166539025
57,528.6908835586818,1000.1495094873793,1000.3242664142662
58,443.2110048179092,1000.9022585240303,998.9526003607665
59,397.88209319073707,997.8444536884357,999.7955265119213
60,355.79535223258415,1000.2749924341009,998.1414105875398
61,460.69478137739736,999.0544773028096,1000.0516349629488
62,534.7673736990871,999.8703102989117,1000.4973788586644
63,537.6067329045089,1000.5942391075349,1000.1454019541457
64,603.6699034695841,1000.7005733129672,1000.8749635944192
65,547.2757915319635,999.6680108058104,1000.7293107282777
66,567.3086215314689,1000.7582472143083,1000.4204360396924
67,454.32901321420496,999.255154095728,999.8739711574083
68,492.6045144721288,999.9385439675772,999.9416331890027
69,643.1359317769884,999.941499511516,1001.6638686956676
70,477.43051629936485,999.8485752871987,999.8976686137089
71,497.41251837017546,1001.0567669597597,999.4479409691502
72,559.0437853350255,1001.029236892782,1000.2650405569652
73,576.6784383687008,999.7383889266667,1000.9878624247883
74,292.1917811049085,998.2459397060713,998.4973934671648
75,542.9953999614753,1000.2833131217798,1000.3786678044223
76,547.7319823874159,1001.9690229456387,999.6666087950067
77,507.43439141143006,1001.0118892985856,999.612155214119
78,408.12200074037287,1000.6133364100493,998.7117783061932
79,595.4334856131899,999.8728178466799,1001.0765682824764
80,463.35520359809937,999.5566833516724,999.8619823511074
81,468.35698045143164,999.2115239850638,1000.0221895472947
82,462.0048018889012,999.4469815786088,999.8683983705248
83,410.3591240728469,1000.3940515507193,998.7720951702568
84,467.46059552159005,1000.2339280941104,999.4585837757062
85,497.2397861315607,999.9896921110153,999.960892380719
86,411.6379446392417,999.5202044464506,999.2907577599857
87,583.0659840897691,1001.1146295568947,1000.5578097372914
88,441.9503669068689,1000.111218901029,999.2335257031708
89,536.0409091513951,999.542001654476,1000.6433087772805
90,530.9871743876214,1000.1984505335923,1000.2159845582814
91,364.50842093203966,1000.0302272769277,998.4239214708203
92,626.0686516896824,1000.8399645627256,1000.96872538949
93,434.62971003006857,999.8440408847702,999.3967720603853
94,523.0234419809311,1001.2754521106824,999.7036526953523
95,484.10880902261175,1000.2988822763251,999.7656303307449
96,411.5756070330458,1000.1032294882576,999.015290244293
97,722.2639443310222,1000.9030942332539,1002.09059149754
98,519.4629917650527,998.3333395675096,1000.972026055466
99,558.5032104812539,999.8015470430299,1000.7287636440481
100,526.2429778194082,1000.854236398925,999.9105208116564
101,531.277546867594,999.9109988739783,1000.4094130716576
102,470.89067006637083,1000.5569024698367,999.3544170556813
103,459.9249453763113,999.3711269226512,999.8305240783644
104,577.5829850114998,1000.6400670235582,1000.5855656608388
105,599.9057313773181,999.8470522638423,1001.1929036208168
106,584.9284375629157,1000.22655641551,1000.8262030797173
107,357.34223390891367,999.5234410681787,998.6515692193643
108,392.04726870632004,998.7342754954276,999.3786877649687
109,515.7784459657248,999.2308824456668,1000.5635815330523
110,390.20923679664014,999.6317505761031,998.9564191907778
111,497.4914823945552,999.5076709332628,1000.1093275675073
112,506.7403250925609,1000.1048997186944,999.9978502306636
113,395.51477512259936,1000.7001404176036,998.6023487191997
114,239.65626376379964,998.8347907722496,997.5871167813008
115,507.60529429531715,999.5753065480119,1000.2971716782486
116,628.8494043731678,1001.1259431933963,1000.9551343139636
117,468.0732468761311,1000.3504536184357,999.4753519284493
118,444.9447338982071,999.8310581784916,999.4927513677052
119,527.3171959571247,1000.2550633209337,1000.1631823534314
120,415.44298463184975,998.0990081935828,999.9020603897474
121,363.43037910250564,1000.7908273472093,998.1214371266077
122,591.8690919523218,999.5714735992696,1001.2979200719208
123,391.1246665610285,999.8195315649316,998.9070808006087
124,526.1019195960952,1000.597062814846,1000.0026765680084
125,402.0095959527118,998.222203600612,999.6273333293227
126,563.6778173748048,1001.2712576469576,1000.1579084532707
127,362.2401834624175,998.3097789964572,999.2808868756453
128,514.3134986935311,1000.9733449412973,999.7052392397113
129,322.3143519655322,997.9681200276044,999.009851784984
130,513.5197319995317,999.9057109898982,1000.1702286542267
131,340.05814211570635,1000.4055403859497,998.0812781355376
132,560.7947177823255,999.0180910263232,1001.113262595689
133,489.7945978379802,999.0461965946272,1000.4019180574707
134,381.0736788052949,999.0726456205012,999.0470901122701
135,558.3493927897489,999.4985940673366,1000.8654997933667
136,451.80417239895064,1000.5680009166788,999.1541684561839
137,451.7914013389133,1001.0713979151019,998.8885109601988
138,442.172027859528,998.5647247774084,999.8786532728392
139,488.7869177427834,999.9418435743589,999.861749871003
140,433.0937695606945,1000.292604563503,999.1114137960055
141,518.0070965780235,999.5800505132946,1000.4313542745674
142,511.6945465433186,1000.1154837933869,1000.0672862247467
143,334.89459621545365,997.2576222349628,999.3205747193982
144,490.78489309260766,1000.3940625193403,999.7071924454165
145,510.46356566676286,999.8540903537993,1000.09736758765
146,565.0254089166356,1000.7630442250752,1000.3416193106441
147,542.3014050784392,1000.3996130629307,1000.282716484042
148,655.4261980567372,999.2263647434236,1002.0300656339932
149,433.51753016010537,997.964100638909,1000.2415326800447
150,373.06190747893777,997.1439009593956,999.8076721238414
151,517.3219999764311,999.5008804666637,1000.3959068810698
152,609.9695553559047,1001.2669806993042,1000.7216554066928
153,401.28033697606713,998.4372626142728,999.5987880424888
154,540.7438188593637,1000.671364785388,1000.1756914054666
155,410.53824962836654,998.9044637158603,999.4918912857187
156,441.7417973978801,1000.3708107939785,999.1607168768545
157,448.7013865381404,998.0822159193332,1000.1898220023528
158,377.570426071083,998.1010403722294,999.4188002544157
159,450.85178617636,1000.1588590116617,999.4560190237372
160,695.0806435129189,1000.4271255336054,1001.9764748846325
161,548.9485124900032,1001.4189893437276,999.9052178313427
162,479.7088766090232,999.7042389657812,999.9872332595024
163,345.0118199212042,1000.4902137521117,997.9974461739453
164,576.8525516722201,999.1020792472432,1001.2084243363302
165,337.95129475852843,1000.925944404718,997.7883908880642
166,466.8394785961298,999.3720607753007,999.9054050105342
167,429.91541294796457,999.2121010361734,999.550944860594
168,567.8818928320968,998.7041887131767,1001.3370924477181
169,422.7785260527181,998.9685854160804,999.5992828611506
170,559.7847254049152,1000.9453409903414,1000.3669726320751
171,503.75687251157274,1000.4145976653715,999.8485481361763
172,355.3522887850328,998.9679268580348,998.7981665611792
173,622.3714738337385,1000.3429517351826,1001.2164785724024
174,450.9760715027984,999.6291171713907,999.5479968397257
175,591.7141350896221,1001.7555607081397,1000.2517907613272
176,522.429934159432,1000.9860585113478,999.9286447391407
177,474.0863463936184,1001.2307077313792,999.1058256369647
178,423.0524338603942,1000.4144115002487,998.9609644700598
179,466.70445805920934,999.1000423798987,1000.0023007633667
180,481.92547044565237,1000.2642724176828,999.6739062415503
181,362.9186760609314,999.1903166525227,998.9248684495636
182,566.0576393534825,1000.0219777536563,1000.7131281082837
183,457.05958811253686,999.7860919740403,999.6122661244484
184,580.8806048404939,1000.4470499913753,1000.7785943141431
185,497.3392189695792,999.4340661733439,1000.1063481930572
186,519.1723751776766,999.8299345738697,1000.3474227735018
187,640.4048525816643,1000.7620213585361,1001.2186853164172
188,477.2583976324784,1000.7577317191162,999.4224862624433
189,506.50370547860365,999.0898242819984,1000.4999322959401
190,634.2482933047977,1000.9247563552659,1001.0641147463556
191,311.8713776455462,998.4569075477684,998.5627628396904
192,556.6121542753991,1000.7397098362356,1000.3045414223793
193,446.3603151518762,1001.1920080115536,998.9160846443126
194,543.8302791183834,999.3775166991006,1000.7587744573914
195,617.6150990412137,998.3812840585632,1002.1100312583043
196,491.55128714892714,1001.3809473365196,999.340630866213
197,441.9052267428249,1000.3681513049156,999.2039145936301
198,418.4571783885716,998.8689003039976,999.5848688259737
199,524.4734839878821,999.3373836729364,1000.5895262223927
200,483.13482708991563,999.8646740266876,999.8396373775098
201,622.9976430469436,999.6936340873993,1001.4589363838687
202,424.6084077486387,1000.5054818386056,998.8761661946253
203,515.1475399066105,999.0919913083197,1000.5239105249085
204,496.8904766764585,1000.6276331035235,999.755829202112
205,534.2343669565398,1001.4658096726558,999.7679980784824
206,627.3802760954952,1001.1739975943955,1000.8680913064617
207,460.023290281676,1000.473866507372,999.3747622808568
208,338.1338417212897,999.2123982339855,998.5209733562468
209,397.62059618068605,998.9533222288787,999.3841552476584
210,562.0579360412577,1000.2156186964687,1000.6580573807272
211,504.6938964425924,999.3325218212883,1000.2970389106508
212,490.9978740188218,999.8161291544543,999.8989154630057
213,361.42640522094473,998.9540642586626,998.8652622372467
214,608.1280402149022,1000.8203202902548,1000.848692280802
215,625.0793860828061,1000.9216504250929,1001.0624791957156
216,461.38078609245713,999.527614434268,999.8255072512536
217,533.0721080527546,1000.7859519045273,999.993094573326
218,438.2654059686041,999.3785231303873,999.5531242646654
219,404.1423947469101,999.7973483895876,998.9691578914301
220,458.527897670574,998.9272881232561,1000.0651197080787
221,455.13953398913736,999.8545699647419,999.471415529904
222,521.8795946235425,1001.5583750087841,999.5682358381176
223,507.0979898219253,998.9973327603312,1000.5842860285987
224,480.80694030660624,998.5042365036568,1000.4149763910685
225,539.6839972923619,1001.4169784836749,999.881925752696
226,376.3262553288048,999.9260162652794,998.6982925178037
227,449.45848400085885,998.3140404438333,1000.1937719902313
228,457.77794629094,999.485797655067,999.6714778495799
229,531.1634175761965,1001.1396743184853,999.8712180047804
230,599.8118558066404,1001.1622416770433,1000.4896244774517
231,526.6736175695605,1001.0641015916814,999.7338505942
232,512.1515175049309,1000.0234621675737,1000.1990583743228
233,510.0295086708757,999.2646123409547,1000.4182231616028
234,391.265475827755,1002.1804642427333,997.8293755687787
235,593.667795701298,999.6459545793215,1001.4122639723583
236,415.60708684154974,999.3185962712872,999.4106554530027
237,469.0728386308848,1000.3034619898073,999.6361612374573
238,485.22477591980163,1000.703090141288,999.4281624964267
239,354.9288423214043,999.2333838523973,998.6616797174496
240,316.63684800698263,997.9274264124278,998.9110754858767
241,464.4449480901343,1000.2599840979108,999.4908319279897
242,649.3959165226918,999.7144549315674,1001.8432102195753
243,474.0250134637421,999.5792370403683,999.8863511326188
244,551.5600604270005,999.3974992063183,1000.7544434659073
245,631.8891574061098,998.6077197780144,1002.1177179272263
246,597.712571717935,1001.8105543714132,1000.3417693098936
247,532.6287977160746,1000.0065862696539,1000.3638690325495
248,445.58282141975116,999.0692661240244,999.7992201896888
249,599.923826118107,998.6434569381357,1001.7826474888609
250,375.95938044434837,999.7132541335468,998.7980937349413
251,581.9074848338294,1000.12230458311,1000.8900320351593
252,464.9944056988003,999.0550035664501,1000.0179933175743
253,417.2388720613262,1000.0473732788844,999.1117139290717
254,570.6460652965347,999.5210714564964,1001.1227426210104
255,414.75445200453765,1001.4105380060756,998.3548282352657
256,578.2240203394962,1001.5878451383014,1000.146205159613
257,405.9289894892562,999.8644252446879,998.8868793097728
258,626.6797542983625,1000.7771821308528,1001.0259360209377
259,484.019526532353,998.8566592864587,1000.4045555863727
260,275.33337527107074,998.4316393473964,998.2427503331198
261,531.6619389143916,1001.505406945811,999.7965956784157
262,223.34679276337346,999.9064128758313,996.9956509692493
263,637.7789690800714,1000.0081474160525,1001.5623806809666
264,553.8799961236667,1000.0931277949504,1000.5201231717464
265,487.73791629791396,999.6156512649138,1000.1032494916476
266,439.090259556184,998.2373451302144,1000.0403289379441
267,378.04069830748494,999.0942818820547,998.9592025127447
268,379.2366912122577,1000.60907146487,998.3956183914613
269,537.1252403330948,1000.3090236312655,1000.2076861163968
270,553.1238781129516,1000.689045182807,1000.31215902536
271,505.69270876964464,999.8592634699744,1000.1633323373833
272,421.5380653389257,1000.0362420173327,999.1958020905744
273,510.88504978963226,1000.4116479600369,999.8671708554429
274,567.1947060080355,1001.4181542277647,1000.0046724859776
275,697.7071580223302,1002.1086371832654,1001.2051002447593
276,388.74663224543923,999.349156485497,999.0512465689728
277,578.3290181441333,1002.2994872168373,999.8873846874633
278,734.2765030956432,1002.2007804170903,1001.7439876790947
279,449.32814488017135,999.1218589095024,999.8306808504433
280,512.049048950007,1001.4856319319147,999.4277075267861
281,357.29591446435717,998.6995247253473,998.9770214751576
282,360.23212493227385,998.0336362988577,999.2782637111135
283,395.1204533230811,999.6424130223203,999.0606890369147
284,423.70001699121184,1000.493348038634,998.9079763151376
285,443.809838908192,999.4200826715623,999.645456526316
286,595.9658196768545,1001.9643738191611,1000.1515938794197
287,515.5618128267299,1000.4564091203216,999.9284258303653
288,531.9290881048648,1000.7549475548207,1000.0039898377553
289,530.135086275425,1000.6351066408246,1000.06819360506
290,448.63240577003785,998.4888950193567,1000.1265814355099
291,527.6158769330265,999.2297623962874,1000.6378289779947
292,453.4582975151477,1000.08268694377,999.4434712899696
293,417.54122634841247,999.2136083928493,999.5155230463647
294,656.9730856638855,999.1042660115877,1002.208186217366
295,546.2313799070295,1001.6629024985124,999.8455811942653
296,492.9359193936364,999.3252644368539,1000.2081701802091
297,379.90913372126084,999.3203819757117,998.9560838227462
298,511.36670783252816,1002.1379551353192,999.176752127074
299,503.5141998158496,999.9858901879908,1000.0322614913845
300,519.4605524660828,1000.9306555493796,999.7723360061716
301,611.1476368756988,1000.5351531682347,1000.9529414108548
302,411.051577817881,999.8669889349852,999.0741560765649
303,403.4130154697376,1000.2865293125257,998.8293501361039
304,496.7541506410417,999.6005398165288,1000.1030632592411
305,466.0044086550277,999.9571106433583,999.5753297286557
306,528.1286134266179,1000.1433737154795,1000.2968198266136
307,633.4512532694235,1001.8398292486537,1000.7617592832761
308,567.044977945725,999.5659289379671,1000.9125224550296
309,435.0984910557666,998.8105588624768,999.8216567979996
310,537.9288848306378,998.7599494690156,1001.0279293992653
311,452.71044444227255,999.3869093223848,999.8495910419858
312,609.3840752976032,1000.8415630504486,1000.802755924007
313,396.196571095286,999.332888179404,999.1548409196646
314,504.4313726322902,1000.06920158524,1000.0183984334964
315,626.6942779410521,1000.1413672119377,1001.3810566890919
316,493.0120177916112,1001.3474508568283,999.4250632385804
317,724.471875749426,1001.7850560493041,1001.7354204879344
318,713.4666734620962,1000.0645460519792,1002.3335090717443
319,565.191845594684,1001.022785816642,1000.2814585470456
320,551.5737279509532,999.2961464766588,1000.8860769435877
321,451.89764781749466,1000.6302227627068,999.1866910357742
322,565.9672306647051,999.8998852211282,1000.8938327377467
323,367.79190440290176,999.2542594265518,998.9035762487033
324,576.3214434479852,1001.249933343356,1000.3938576539456
325,579.428430937895,999.462505919845,1001.2017614156214
326,489.0976077206559,999.693412479975,999.9538080307716
327,487.1879387749642,1000.5867015394954,999.6137538874882
328,621.1188559609228,1000.9754654583121,1000.9019631213713
329,481.9070413935198,998.7996650907255,1000.3392542672153
330,700.9836802505966,1001.6129354209213,1001.5822894911473
331,599.9911809246321,999.6051176538383,1001.3383407607972
332,522.3588837323506,999.4314996306026,1000.5769534632257
333,646.8239135994892,1001.1656623679919,1001.0792529362864
334,568.6131874454458,999.8512246088836,1000.8232573259828
335,511.2982453301132,1001.472549856028,999.3710196266228
336,760.651016694891,1002.0137828772856,1002.1341643816838
337,304.4326151846456,999.9816766397964,997.682906875928
338,543.3206422153502,998.087518811168,1001.3350945996235
339,399.8665189638588,1000.4118931194447,998.5966045856642
340,585.1682144076741,1002.148208869864,999.9952095545367
341,484.2298120008516,1000.4595490022133,999.602489328294
342,425.84365096282784,1000.7913506153078,998.893454268327
343,550.4749492549695,1000.5123771945912,1000.3844372277936
344,325.7948026305991,999.9923672242472,998.0549135541044
345,364.0350138103205,998.3592390225673,999.2390540605372
346,439.4965351724188,1000.3935838236031,999.1778168307477
347,518.2631242651356,999.9364672707981,1000.2368734187382
348,693.9884929035138,1001.1809598832947,1001.7114674199868
349,512.5957017349168,999.0053071731592,1000.5846970897262
350,257.7119972438171,998.5438728759076,997.9299982336156
351,524.3243802884606,999.8132800353892,1000.3751948015712
352,402.19551340113657,998.8068757010864,999.4172953473546
353,579.8517864859473,1002.7154027398254,999.6504560875873
354,476.07122974029954,999.5839843735747,1000.0441358054413
355,411.1842387237991,1000.5973014625947,998.7795954153906
356,367.76354239186065,1000.0784778286812,998.4461936478773
357,400.6349518551187,1000.0777510418967,998.8231961154573
358,609.5807074570155,1000.3315002173787,1001.0689712882823
359,612.4702560910662,1001.2618057010006,1000.696289065259
360,366.38188680249215,999.2636568169144,998.8871272058364
361,485.50390002770087,999.6989430471907,1000.01948507418
362,443.3970356135937,999.8414866481886,999.4498248206653
363,479.56906766958593,998.9041725252417,1000.2252386253567
364,559.6984891073345,1000.1650687496193,1000.6654648044922
365,432.8216199083449,998.557802089514,999.7520666349318
366,328.2055040133165,999.1616287880713,998.4337815075536
367,524.371195474605,1000.5578617550296,1000.0543169537776
368,552.7789350933658,1001.0025551914688,1000.0238362673044
369,630.6136393266559,999.4017537858922,1001.7697260906683
370,424.810786086506,1000.7693363189172,998.80616706886
371,375.1375471510901,998.7717778565086,999.2316931262993
372,338.93370122470503,998.802498028912,998.6766180739518
373,574.7400108316077,999.0941552625084,1001.2311538785813
374,355.8148512530355,999.9148278069408,998.4225030181152
375,378.79339706937185,999.266729371938,998.9916584759522
376,555.9997870240727,998.1896400507524,1001.4497584018103
377,642.3708192002453,1000.3507321201207,1001.4919948607522
378,347.8763132730069,998.5523866511337,998.9606704525083
379,330.0823022536812,998.9124325158244,998.4851282638397
380,392.70436827153407,1000.927695517779,998.3205242298172
381,519.3264095596427,999.8139727320977,1000.3443082359877
382,612.7537014986588,1000.9139772384216,1000.9122220059872
383,469.246860523441,1000.0629658363797,999.5885474730544
384,460.31999097651186,1000.6715231578663,999.2184730959767
385,646.2592859245788,999.4703524874452,1001.8703533835887
386,452.73449935007613,1000.4998448342856,999.2078831531458
387,446.6617038043286,1000.2517898941883,999.3076879854834
388,392.57787377315935,999.0104133925987,999.3133804176593
389,419.11235041482786,999.6407999795108,999.2206150344206
390,485.67140381801767,1000.5475428587953,999.5958952194443
391,533.5507459870913,999.6639182364336,1000.5879232691448
392,558.6879694815866,1000.2161007227136,1000.5537718950387
393,433.4151443319604,999.5306067787526,999.5175267119632
394,572.6784321239862,1000.6090700245463,1000.5627543946217
395,474.34929884413896,1001.4081941299128,999.1264265280963
396,587.4556674283482,1001.0191041181613,1000.5166600020642
397,603.6048816226984,1000.0267792795712,1001.226686294769
398,679.8950229235796,998.5971238569646,1002.66630765155
399,454.02841184491064,998.4553157159331,1000.1376738977907
400,641.2963611091914,1001.1850247310228,1001.099978224067
401,523.1264342532802,999.4621812283476,1000.5503029535237
402,451.86441941890024,1000.5681624566864,999.2504078032686
403,369.9145129775208,999.6480691936183,998.7529581678067
404,602.1202497949819,1000.2701433339984,1001.0778897204863
405,589.2837976726472,999.9895917674513,1000.9792979666173
406,552.3587431275491,999.4249497507228,1000.898388143552
407,497.8207775064389,1000.39421568289,999.7150608133014
408,645.7084402037391,1000.149569745654,1001.5781520107796
409,299.39441419292433,1000.3922321457353,997.5955865181113
410,416.3753031772155,998.7939290931392,999.7376435534567
411,371.2241036051309,997.6154759727119,999.5744078807193
412,305.4222122133839,1000.872374187264,997.387926656438
413,476.194975228927,999.9057637460998,999.8884833918963
414,718.2565398630599,999.8841393460066,1002.5334806394693
415,481.64581320809816,1000.2596056993167,999.6661030178196
416,449.7972121222009,999.538359174324,999.6477576141292
417,423.1308961833606,1000.8963075551727,998.6983692908244
418,487.2327680525943,999.5659434691852,1000.0162173692216
419,486.74414446614657,999.2341993235119,1000.2585015202344
420,333.08087339141025,1000.4196987297987,997.8785742291568
421,560.1354366122367,1000.5736580960736,1000.4101077727913
422,711.6577732776483,1000.3551637358127,1002.2034937868517
423,424.6110882127841,998.4509104630806,999.8752596469267
424,367.8849900241112,1000.7454326299753,998.2419449219561
425,502.8467148995792,1000.8068037153546,999.6748117230852
426,661.164368621826,1001.6910861803937,1001.0526201755544
427,422.44243544465803,999.7093371704441,999.2336824444548
428,612.7279103266177,1000.746747306921,1000.9043339588986
429,526.4475195141854,999.0570409168377,1000.7555416688307
430,462.88163083796724,1000.1023833493164,999.4766180740227
431,574.5783776538541,1000.5792867549472,1000.5953347056038
432,477.8062599329995,999.5858370173461,999.9505154660401
433,431.1886968123592,999.6826735456799,999.3678953163936
434,596.271616771598,1000.386168817219,1000.8220685297183
435,367.0456173319431,998.8625673040905,999.1566211190809
436,610.296501886043,1000.1104826233984,1001.1782350440018
437,573.8382695891297,1000.460414422973,1000.5549621236477
438,561.6815935984445,999.2785341322733,1001.0175144838573
439,316.95059260447687,999.8997690131664,997.9999573916972
440,353.7833946065951,999.7615013730812,998.4180241386532
441,462.24239730667483,999.3194783948908,999.9650894667368
442,395.7453134872051,999.5584923392784,998.961784048028
443,461.1794450249759,999.3375545371587,999.8965378444373
444,265.3188349140617,1000.5987792784979,997.0354846750353
445,516.2860375640064,1000.1388601000386,1000.0792091718033
446,495.54358534236616,1000.7767990171424,999.503894665958
447,655.0298841020265,1000.8508179869577,1001.2710741258293
448,361.96928555187753,1001.0001766935827,998.0096955786273
449,383.934415519679,998.0393742791213,999.6264674615817
450,339.21223298208145,999.6419418148143,998.370562742152
451,438.9769913647519,1000.5170854064543,999.0863585982527
452,518.3603954341967,1000.6808924557492,999.7214311676423
453,587.0691898597457,1000.0468938076184,1000.9544860619993
454,513.588510643147,1001.3763617982654,999.5240450552362
455,541.1289475020037,998.7850204363916,1001.0246123288894
456,318.24228660349524,999.7471792423461,998.0531130271477
457,407.41050586851236,999.541408729344,999.1940975957737
458,401.5399622814862,1000.4724267535092,998.7098449155684
459,530.2762592125853,999.3086350549843,1000.7027491736627
460,421.5295114897206,997.7513412103692,1000.182477531898
461,509.0580574626169,1000.8186484313792,999.6300458739161
462,460.18385629878287,998.9440823525256,1000.0428138783592
463,387.89272461940595,998.3344931172451,999.5285184446077
464,560.9377906210058,1000.1887173822423,1000.5409972339977
465,586.5598064859137,1001.4653531323033,1000.236417361366
466,426.36278462588433,998.4442304576057,999.7988482310584
467,479.9191566059864,1001.3804406786278,999.0823974270164
468,525.7046566146622,999.3780246625321,1000.6124092532108
469,555.4208713451699,1001.204703960482,1000.0316327381387
470,530.6830145332789,999.0709937424394,1000.6955355681804
471,469.8723866295668,1000.5710328925952,999.3991760340767
472,606.3150518198445,1001.6746003017787,1000.4484662955176
473,364.8521078416688,999.9605016912744,998.4646129686148
474,360.1607811760624,999.1165638107246,998.8038426415748
475,425.1061584752634,999.6799094156577,999.2293818340421
476,365.5608775485973,999.3361658633742,998.7781760229692
477,480.2301228171844,999.8583212367504,999.9125679370793
478,533.4842626492591,1000.3414884362323,1000.2895951903844
479,477.3213601079114,1001.5943225114506,998.9566788607747
480,685.0730652908378,1002.0886298169736,1001.028922757302
481,595.8536379669682,1000.7996966137313,1000.7189581914563
482,510.8785785502258,998.2638401038682,1000.920300625168
483,403.69954917011,999.801399120459,999.022684813644
484,493.9642073677289,999.2675297008087,1000.3422509954346
485,368.92009539984537,1000.3913124552683,998.3671210771364
486,549.8476200686011,999.8234544604744,1000.6431466447387
487,601.7678083780328,1001.0356317548532,1000.6512310461313
488,508.2038913458533,1000.4785350241619,999.7950904607995
489,418.9300451928782,999.6641509954254,999.1563800625694
490,564.3682236213732,1001.8999573874128,999.8733819978436
491,604.1106609943603,999.8801953973536,1001.3320651500868
492,599.2805067162914,1000.7748155863417,1000.7405769066232
493,527.8807722583516,1000.1980658918204,1000.374205909439
494,547.0728669378357,1000.7563070277432,1000.1356991599263
495,576.8926402006383,1001.538661722321,1000.1713476617062
496,491.80281222710687,999.6197783466232,1000.1999303313394
497,518.7063021846278,1000.249551164704,1000.130121993996
498,532.6265316415288,1000.1098195491542,1000.2982953440418
499,685.2165407916625,1000.1191576157593,1002.0031653838513
500,441.387240111764,1000.4229189691023,999.1136311920012
501,315.5189290330409,999.1651152551019,998.364391606486
502,581.511438083857,999.5454261835682,1001.1041369794624
503,585.1566919161072,1000.8007787611303,1000.6134536592247
504,481.20614899001436,1000.347341267222,999.6949362361656
505,470.46051802314713,1001.0365003700639,999.2190502957758
506,535.5436758282534,999.4876595192003,1000.6307117690117
507,489.057551961728,999.3200788943286,1000.1060930859783
508,731.5095583727039,1000.1630372518636,1002.562477466509
509,539.7932304046632,999.6351320503372,1000.6384127780882
510,421.26795581123406,997.8955969121088,1000.0858649664387
511,480.5991150274344,1000.2082194779007,999.6930885214549
512,530.2103988218163,1000.5079476077252,1000.1148029639039
513,464.1158700554973,1000.4877291411067,999.3212914359216
514,633.4727288005175,1001.6065327416156,1000.8026826708173
515,449.4161187948157,1000.5484282093863,999.2171762175535
516,635.3470661306967,1000.9503206484624,1001.1570931058257
517,537.2492280531452,1000.1737711262897,1000.494971197523
518,572.3806506416187,999.3926514977212,1001.1762351273779
519,553.9046287651987,1000.3330622769702,1000.435880005582
520,616.5106010129126,1000.6330373034264,1000.949190936196
521,402.2963187329032,999.5412155772107,999.1411432823083
522,456.89995237168085,998.8595977258257,1000.01421222942
523,505.74726413094766,1000.2555621645944,999.905156930061
524,601.6384957833875,999.7456077770894,1001.1956938250174
525,510.88661195502715,998.7024201552794,1000.6892086152229
526,556.8320971113681,1000.0116818232982,1000.680525925353
527,379.109820566372,999.4876319194408,998.8657015782167
528,453.49681218169815,999.2250855667647,999.7718234774768
529,594.6866457350071,1001.7428718441736,1000.3504077007308
530,567.4636876935175,1001.1014635255876,1000.2965781341768
531,498.9283393958094,999.308599432115,1000.4080761153447
532,413.1007145169892,999.7827459246704,999.1375350379112
533,437.1817974099192,999.4229183306728,999.5038395366447
534,699.7338410229739,1000.307253913776,1002.1284558454852
535,351.42908062100173,1000.3107993738032,998.1299823517012
536,593.2305193771008,1002.3937276368124,999.9286286906779
537,544.1813100407738,1001.2145991148748,999.8385241438001
538,438.7637159375997,999.4630980262683,999.5599440297754
539,446.87698754589735,999.3022235444721,999.7473669235433
540,471.9943596721792,1001.4015933099953,999.0178695552296
541,461.1406242277295,1001.6340756453512,998.8095038784284
542,689.1734888970261,1001.2092906523579,1001.5213056953808
543,521.7969924671536,999.2711788676417,1000.5197298468272
544,603.8875773722032,1000.4232197657836,1001.0040508871867
545,655.3914031914752,999.0967379037967,1002.1607524469612
546,369.78582540853887,998.7818736630948,999.100538046236
547,509.84188626144095,999.5576069684023,1000.266792474738
548,475.1758576737966,999.7177387118237,999.8226466726877
549,338.0902386001779,998.2993190984387,998.8997079203708
550,480.8061679559197,998.9806552340092,1000.3714961132547
551,587.3077703193196,1000.2434914477172,1000.9279083453958
552,503.39000141105333,999.033341823506,1000.4411873738433
553,518.1278833901422,1000.2633819158187,1000.0798548199806
554,506.3392986265895,1000.259986922176,1000.0373926042848
555,647.3615595713675,1000.0659194907989,1001.5889639002356
556,453.1382414237832,1000.9127684366694,999.0859714085452
557,396.0499847621306,1000.0652613572964,998.8976753683867
558,612.5053394264529,998.835135290988,1001.8840641011
559,618.9336345873537,1001.7086550178699,1000.5456871325836
560,524.5689545585435,1001.229917284268,999.6440087278153
561,666.0622254538048,1000.4549839916193,1001.6918754987372
562,657.9549142636489,1001.8593179472407,1001.0268408261327
563,496.06904958233,999.4993493065172,1000.1867705493547
564,524.3839383524133,999.2996824484067,1000.5502513792574
565,461.4904899199929,1000.4541553608613,999.3632187637284
566,433.99838445922404,1000.0611748695828,999.2164619707668
567,572.313053851413,1000.8248985271733,1000.3558147484944
568,451.92641532284415,1001.0192157753487,998.8683186052806
569,362.68807581712446,1000.2186746494693,998.383895335088
570,514.8947441637532,1000.3719266380436,1000.0303641627721
571,427.3695697745074,999.6742637510588,999.2576416261118
572,435.5136244547914,998.7792892030805,999.7674448623596
573,566.2717255663605,1000.5565304711567,1000.5356378382636
574,452.3723832877561,999.9925772102243,999.4153922997313
575,375.6230235600407,999.67125607388,998.7787530351407
576,466.49020064649216,999.7350669539387,999.7117705391285
577,465.1780291424829,998.3172504515759,1000.3493870147094
578,405.4001656198269,999.616875534608,999.1442914962744
579,427.7412622062938,1000.2723251381328,999.0807940303313
580,358.8506132139949,1000.433463858233,998.2272943044479
581,481.5334626750023,999.7536478650363,999.9280220425487
582,358.68011197072985,998.6879404850824,999.0296735419824
583,375.31180205340087,1000.5532767126648,998.322839148486
584,550.142462477993,1000.4006562314663,1000.3924271404877
585,556.543975646635,999.74859499949,1000.7065592442199
586,595.3809465162147,1000.8476287312918,1000.6873122218041
587,512.5837775336678,999.3813611414133,1000.4790917690764
588,665.0473923595972,1001.269507362438,1001.3427893558996
589,549.2905454911648,999.8973218215317,1000.5395810450017
590,569.8733603076372,999.9311850204256,1000.8321354580372
591,550.293400617648,1000.1719804533894,1000.4977434594373
592,607.4194029570825,1000.2158078586627,1001.0953277708122
593,617.3773773196227,1000.2288754343637,1001.2130411559857
594,613.4266291463497,1000.1531484433542,1001.1888403463017
595,604.5726140930071,1000.9765697586477,1000.7433360840568
596,516.985813775865,1000.7578183359441,999.8858146528572
597,401.8950557292264,998.176216520311,999.7161237146277
598,448.5535721941784,1000.0202133628073,999.3935320491247
599,475.9469962202677,999.9851273956816,999.7895297921988
600,501.89188819006887,1000.4689175801128,999.671220592866
601,498.62842090163065,1000.6367514923337,999.6073807366704
602,474.20540259707184,999.5946436080226,999.8950116563595
603,568.6047779754276,999.7161086120419,1000.9041088883373
604,698.4104139622187,1001.1109798475627,1001.7729172670233
605,550.8967399136039,1001.5706156971854,999.9261491909316
606,481.52436971692566,1000.6498071667827,999.5350305550812
607,498.46359085286497,1000.968192679142,999.6104357270419
608,515.9009900702896,998.9272350199159,1000.6144635823033
609,478.0803033433381,1000.4721944676643,999.4699614061934
610,562.8473668138763,999.9247297751303,1000.7078652085524
611,578.5238572292519,1001.4447998566437,1000.2157939360443
612,564.9556812960161,1000.5857864589598,1000.5493303261096
613,497.4647268379185,999.8402634052496,999.9931464036914
614,526.3425972096086,1001.2061518509033,999.7825772839273
615,568.7320592249457,1001.4391067260148,1000.1919670584642
616,439.65054024274536,998.7915201027687,999.86220145782
617,624.9925040414096,999.2872549223243,1001.7702773260713
618,370.7417775351672,999.1607143884056,998.9046455174307
619,553.0768173295677,1000.428420479679,1000.3415225990148
620,414.8568771539485,998.5582022576707,999.7825473869432
621,448.51914415847193,999.8344561584236,999.3827380565973
622,347.191118195517,999.9450195460668,998.258900165044
623,631.5606939182501,1000.5862719667423,1001.1755754292141
624,527.0575415913761,998.5154236646976,1000.8912072263707
625,553.3241975102603,1001.0976316271943,1000.2223605747008
626,514.4056408574132,998.3965736745866,1000.8977874327363
627,444.05469283965436,999.5381245263443,999.540287910286
628,341.6878955248129,999.8209155496795,998.2842458013533
629,565.2499549384387,1002.0037480522564,999.9267008129483
630,436.5549497151016,1000.2727885426747,999.1829096147127
631,548.61436053478,999.5031650098042,1000.715887290687
632,501.62206015161524,999.5379314399088,1000.2984608644754
633,362.2492810487827,998.5014725724544,999.0578078776434
634,309.35587862899024,997.8034483553937,998.8730392651187
635,435.26155328258784,997.8663307335538,1000.1970908622078
636,428.3161487668162,999.4778401056373,999.3257305826904
637,308.2234312505793,1000.4154525081226,997.6813014709018
638,536.5906687647899,999.471009821048,1000.701675318118
639,774.4078544514233,1001.410151845287,1002.4254706773793
640,428.84321278579625,1000.6076196584596,999.0336303199657
641,552.8891290224539,998.5217926600909,1001.187170959204
642,297.29389413193223,1000.1123219255043,997.6856527750156
643,637.858708266419,1000.782709931352,1001.1428558064163
644,564.1115379147368,1002.0952659802265,999.7632553783353
645,648.0101493228949,1000.6028299690461,1001.3794893254911
646,404.129286546174,999.0420015172743,999.4138579840339
647,508.8255256417083,998.9582657954068,1000.53332941477
648,539.5404931828282,999.6277834721983,1000.524747580072
649,467.66852221333914,999.6066361326117,999.826783104481
650,489.1245800656128,1000.647009900946,999.6023945545004
651,571.1882917880894,1000.5494020402052,1000.5440525040866
652,497.7227482641622,1001.060220558777,999.6058692176667
653,396.92876858585237,998.8726102306296,999.4118771506801
654,414.11072813831277,998.9994054081133,999.5628358191209
655,406.2884539403929,998.1406192153413,999.7611544496857
656,579.5584899835791,999.3512813005062,1001.2875927805272
657,406.616067101664,1000.6622534725383,998.6730696031759
658,515.2152027559487,1000.4552542434143,1000.0504784241735
659,564.186814876514,1000.1038936133743,1000.643429355398
660,578.5886064550515,999.4585136172844,1001.0636824133452
661,408.2862018238552,1000.4064172351559,998.7828616728177
662,581.5425266161899,1000.5995961531364,1000.6712345348981
663,667.4812481039403,1002.1808252130924,1000.8786657311688
664,622.8655182813751,999.8416325458684,1001.406074674326
665,500.13304580544093,1000.9945604129747,999.6533449132712
666,379.1313120747972,999.6587909628591,998.6649498316052
667,502.71948002070684,999.9246228922316,1000.0116069679863
668,343.73541799243674,998.8994799079628,998.7446299220433
669,441.4847402127855,999.689135965914,999.4802742619004
670,499.2123511732978,1000.1339503971616,999.9495605812996
671,542.3620489701357,999.8444900965404,1000.5279639620593
672,547.6240432533422,1001.7859422149986,999.7576089002063
673,535.9294754207793,1001.9103195312751,999.4651113899272
674,461.52076711753836,1000.702073702146,999.2789809521107
675,529.4394397952852,998.799835826626,1000.9171220092328
676,521.6158872397277,998.901089248269,1000.7496394794074
677,547.7129283710759,1000.9811937737295,1000.0909412345703
678,584.3811077238026,1000.1408654633493,1000.8339365203498
679,465.99980649077486,998.2284793030556,1000.4199713872276
680,489.9964651504756,999.8172901489743,999.9376998943874
681,634.5322379035152,1001.7978245736788,1000.5579783466907
682,639.8183622492462,1001.3860845233653,1000.9358477520868
683,500.7218448019106,1000.1109664974966,1000.011253211719
684,514.6937858883663,1000.9283387109056,999.6629049362987
685,380.1398491626706,999.7204577412256,998.8366234196416
686,402.7886092221642,998.6372757201384,999.5535747499553
687,507.44318662497454,1001.8712954713907,999.179794098328
688,516.6620498627743,999.9816775243958,1000.130101571728
689,246.73972005907947,999.2565608535035,997.5251866265182
690,345.8514994672988,998.251219911258,999.0679277669728
691,728.5415864322357,1000.5135695219336,1002.2280132308224
692,593.4748072346497,999.9606827964,1000.9968908168643
693,623.0544955505633,1000.2502081289923,1001.363167549746
694,466.78702434360565,999.998877450616,999.6906834288634
695,524.9670294677807,1001.124727177885,999.7485241133644
696,695.7728281714868,999.7027786586136,1002.321608703438
697,498.1900003268827,999.8413934196652,1000.0581610571652
698,420.2389007506976,999.9212661193668,999.1301012301652
699,449.25967508388186,998.200536378648,1000.1690442897971
700,518.3487726828051,1001.1082330519997,999.6311906826177
701,608.6446635232969,1001.1031527872258,1000.7464268845997
702,476.08427343745393,1001.2604102138664,999.1094834958507
703,425.4599912007873,1001.2310874054447,998.6371184214596
704,388.02606419840566,1000.6894586309024,998.4773638774119
705,595.5444319135589,1000.2489416360643,1001.0102330000543
706,606.2179593555021,1001.2577808017018,1000.6122597200638
707,502.3583131601892,1000.1906438971316,999.9318233901472
708,470.9635848978631,998.9341016905063,1000.1849977614136
709,565.0768903509581,999.2566707887108,1001.0342296732796
710,570.1685123652716,1000.2898585504628,1000.6703407131515
711,505.63188398578836,999.0301967218182,1000.4304063591997
712,443.1869176626926,1001.6575235717497,998.5806348959078
713,387.64605587888036,998.3450913253323,999.5129484215622
714,592.7579164984965,1000.28396831266,1000.8362240438468
715,528.1454694965249,999.9773436874792,1000.3393594711217
716,610.0917076356587,999.430955652654,1001.4468994011509
717,543.3237843031621,1000.1281363528959,1000.430919770275
718,651.3961288610681,1001.598300871212,1000.8629267206152
719,552.9145202623566,999.6843519587959,1000.6704015950598
720,662.9250462337402,1000.6018538800237,1001.5607459445813
721,571.7062626221265,1000.2177475144451,1000.725392413764
722,521.7744574040415,998.2325725661391,1001.0227017426226
723,565.9362004993942,998.26232829848,1001.4293793083766
724,526.2924796076577,999.2793676010943,1000.5965517940961
725,525.5561777268364,1001.2753276858277,999.6433866358227
726,547.1290144613744,999.8792026570347,1000.6400081823076
727,556.3815691313789,999.2829483605528,1000.9015432638248
728,643.552572050058,1002.4099438243351,1000.4875261976176
729,310.1908531730263,998.5767264761544,998.4662762517676
730,316.973734928554,999.4393187110793,998.1652381467263
731,581.2475743350168,1001.6586407452029,1000.2253383689093
732,675.7602689783545,999.9531148932516,1001.9589766965846
733,637.2716109929203,1001.2957213249854,1000.9964117021556
734,503.2706587604634,999.8228009705192,1000.1787961436698
735,386.8315800060643,999.3841366983477,999.0046838956464
736,449.22797293208765,1000.5481945264822,999.2622262101247
737,624.1561984672744,1000.6186221563844,1001.1190508063044
738,708.0181057952304,1003.2079336486612,1000.8731408377632
739,436.669659071071,1000.467344305148,999.0711610204912
740,582.4550662975033,1000.8607937541136,1000.6549633927756
741,523.1597791418911,1001.856572127089,999.4860442009
742,454.01363039076205,1000.2048353034198,999.3197592610472
743,458.33002661959364,999.70706920054,999.6638734076407
744,553.1340606815943,1000.6868300531528,1000.3975334334508
745,575.6865675909281,1000.0253364378732,1000.8688680373152
746,399.7469088068518,998.3886289724844,999.5593560318396
747,479.03778183566493,999.8215449411844,999.8841244164707
748,377.1361623570349,999.7554927049147,998.7432390774327
749,611.8475488365283,1000.0324366648844,1001.219938110686
750,457.69568613931966,1000.7225894355802,999.2147183034084
751,320.68694050820136,999.7429930482922,998.0692748221982
752,607.664730777356,1001.7257523156517,1000.4367848100841
753,431.4798732315574,1001.0284022256544,998.8246315050765
754,536.0059362422857,1001.5344980500212,999.6458455709593
755,487.25310044812915,999.597346204522,1000.074946858983
756,357.11605236061723,1000.3161217299927,998.2013100246744
757,406.97496006438826,1001.7384937596736,998.198308352118
758,367.8845614688098,999.2345026347248,998.8113077374336
759,352.28258718297815,999.388914918772,998.601301885397
760,428.4326862393402,999.9134987010583,999.189289772268
761,674.3110204717076,1000.1752725187076,1001.7602593888454
762,455.035335389043,999.1452765744023,999.819291717664
763,493.53818767072187,999.6322128759804,1000.1207790402541
764,323.74660823424256,999.0002794596916,998.440796672662
765,570.8743858811188,1002.2318245737737,999.8096749634942
766,522.353586759007,999.719870542547,1000.4104056820227
767,512.3707856660071,1000.4270920869984,999.885685015493
768,344.44538799778013,999.1438831982132,998.6964412355787
769,603.4429248374895,999.6854459306566,1001.3077276520927
770,494.1976924767502,999.7194542095604,1000.1156875949858
771,623.1044501461381,1000.3201511032847,1001.2760463143973
772,615.5627227003581,1002.0179261683099,1000.4093492172999
773,501.09520221029135,999.2524657510324,1000.3280760528804
774,460.4308638029237,998.467830441916,1000.21620780002
775,511.1937567124921,998.4079089546412,1000.8473755260317
776,619.1047848619293,998.8015251989748,1001.8420980443283
777,425.2042215634771,1000.359239090002,998.9766331201707
778,439.3866776326462,1000.3522228953036,999.1806166316063
779,609.7226947958968,1000.7723575589861,1000.8143963299657
780,520.9731598310524,998.9638371696865,1000.7262210091766
781,564.9102229349046,1000.3861584589598,1000.6113570376932
782,574.5730747304841,999.1948814825136,1001.1473622751363
783,273.4326379844824,1000.6727386550232,997.1395180350332
784,416.5796721407011,998.8478751925368,999.6218479443353
785,414.0040053422642,999.1319046749036,999.4693436353156
786,602.5491467107406,1001.3588774517424,1000.4989501459596
787,501.81396345804,999.0180043970696,1000.52517772788
788,657.2588888850354,1003.0123663395875,1000.426094338328
789,545.5852027603559,999.2565020365939,1000.8091288689684
790,363.11433584735664,998.8994868222051,998.915927576355
791,587.1013486660677,1001.7129946858864,1000.213874044324
792,535.983125681759,1000.4731602447059,1000.1883300502836
793,357.0444140032666,998.4959402101387,998.977362114162
794,543.9185096206758,1002.2755534430617,999.5485391542836
795,487.4695239600374,1000.1712320904796,999.8737492982589
796,491.03773415962684,998.7170752104184,1000.5761272791292
797,618.1234169612334,1000.2626832784188,1001.2558142751731
798,442.93357948600266,999.1843563741568,999.7879540943508
799,528.4401545262326,1000.6465773361284,999.8835083855147
800,492.8732710472319,999.3172221368679,1000.2383983613803
801,497.0438764547785,999.1713572162007,1000.374025635672
802,606.2973619885972,999.0347636199164,1001.580036782574
803,368.9020445568354,999.7885683044984,998.6160154686983
804,463.8331559588466,999.210672083135,999.9175512231247
805,411.3563617288179,1000.0678297904013,998.9735686872206
806,670.2123763314803,1001.1778436078084,1001.3592347734151
807,408.52236362299965,998.1806575081042,999.6951226841866
808,484.43638366363615,1000.0123329040226,999.8446782327403
809,492.64192630256963,1000.2719431349342,999.7328817906545
810,381.85298994548276,999.0594675573486,999.1218465438707
811,613.9599526151188,1000.603312068792,1000.9932349676077
812,327.36024129149115,999.9842390773227,998.145638338734
813,491.7924066257116,1000.1782363762137,999.770659136156
814,585.4441278525176,1001.602913096734,1000.2097747318878
815,380.3945668981375,999.264464237697,998.9509537319342
816,554.7626665975166,1001.0740343569472,1000.0906358693097
817,493.8566807467015,999.5386824635422,1000.203308741358
818,526.2107461997405,999.9989057592653,1000.3094364488468
819,385.3965598752692,1000.5050717669212,998.4509325763166
820,484.4615914773384,999.0949014313768,1000.2395968666026
821,332.22764351726505,999.0340452989892,998.6348293545044
822,564.6720717082742,1000.3964528658956,1000.5312588308748
823,649.4400682453601,1000.842887122606,1001.2145184262057
824,424.727789864844,1000.685709951016,998.7527058075052
825,618.0869511093333,1000.5826265993394,1001.0493541474913
826,511.89276393719206,999.3302357589363,1000.5164979485139
827,331.1216882835573,999.5167195346366,998.2427572070917
828,558.1640943139216,998.3719291516728,1001.4504393114313
829,493.56964947725663,1000.3459200192783,999.7113763922333
830,396.05573682777606,999.8213290455844,998.9536207518984
831,631.3714016891532,1000.6416802567328,1001.2600338687274
832,478.4448661860958,999.654975457874,1000.0366543671232
833,628.5449945553794,1000.3363169103047,1001.2277584310233
834,499.75474684304015,1001.4061076220604,999.4276816848654
835,506.82347359944407,1001.4923336703298,999.3170148939147
836,258.6440374650206,997.0583472089661,998.6043139399434
837,478.3582379162217,999.7712510259627,999.9422004143339
838,460.542508237649,999.2388205086728,999.8435087742123
839,552.6266595288025,1000.1022106445033,1000.5453737709947
840,519.608167509648,999.0024813661197,1000.667853596175
841,456.9876155138211,999.9298680542853,999.6034579279062
842,562.6259752623373,1001.2530767682956,1000.1002206038006
843,560.9872101282103,1001.0998484193937,1000.1681347236284
844,588.2426814682234,999.0097329799107,1001.4847734331233
845,579.4306547224113,1002.0324349571033,999.9654160019037
846,490.6889113372992,999.5442523781073,1000.0309251569084
847,372.77743562328493,998.9566154592958,999.0047434529356
848,677.2762868619467,1001.921940538873,1001.1406896476599
849,420.76621322790896,998.4645901657907,999.8365441758392
850,478.0863680719154,999.129116682442,1000.1907475860468
851,608.7991805065571,999.8587428295419,1001.244123675506
852,498.40036413961457,1000.2774664156656,999.9052823439772
853,351.0900891824846,998.1508521319597,999.1088725715584
854,604.796523497614,1000.8149018182105,1000.9267078456827
855,584.2941507757286,1000.3206475065359,1000.7351059426325
856,552.3685963906154,999.2306714701184,1000.9682480255664
857,514.8563640360836,999.8144163776512,1000.1643536864183
858,324.7527847326678,999.3307063024497,998.3562614334804
859,551.6500996267873,999.3762042330244,1000.8413480017985
860,646.4213711515152,1000.4738652332468,1001.4454281451494
861,412.0162778546955,1000.4235448905932,998.7844819521312
862,542.0558131371063,1001.9021464172667,999.6231063170329
863,376.8202757495909,1000.2413666973255,998.491084423138
864,485.6554219902819,1000.4465824182818,999.6043024074327
865,530.001044317915,1001.442675518308,999.75011750367
866,531.4823722132703,1000.9041997979043,1000.0224422749443
867,502.9017022067338,998.7516308721927,1000.6920279197757
868,320.22783440806137,999.6540693925333,998.0593701239186
869,410.1722868892717,999.8132176010159,999.1219399363944
870,307.4926247103735,998.892237545158,998.2965768754083
871,414.3215432846648,998.9331012041864,999.3923008341064
872,429.4725952238923,999.2945366059796,999.5334353097056
873,611.3728069058627,1000.989604427744,1000.7718986812932
874,579.498008236646,1000.2553180608817,1000.831031795415
875,645.8481536313018,999.7172904250012,1001.8219295554936
876,528.2198725865861,998.8430166803557,1000.8470177352048
877,487.2993308145905,999.6532620321747,1000.0545103454183
878,530.9931459235911,1001.4564101402383,999.7298780536884
879,374.1976028222568,1000.2391233501953,998.5604958067804
880,453.8258268427462,999.4593634289532,999.7301904331024
881,535.0456265906083,1001.0215651608908,999.9954064590718
882,381.3683267833461,999.8385760833992,998.6963927750093
883,657.7186800834028,999.3155639724954,1002.1187025953751
884,403.06256371441594,1000.1683375286008,998.7449559999301
885,502.4059214810828,999.7915108142114,1000.021169564734
886,612.4871622053738,1000.4213529803853,1001.1019761811166
887,473.14373027270807,999.3162586116554,1000.0075116787492
888,648.49853653127,1000.0953598499483,1001.648703655777
889,477.59301587426637,999.5173181914633,1000.0021862098728
890,478.8571900724637,999.8107452921582,999.8137991468687
891,469.11310605436137,998.595031615268,1000.1746689855194
892,558.8774158715853,1000.28688005563,1000.5578265938934
893,560.6780518579453,999.7827490258313,1000.6644432344802
894,484.56010504388234,999.7145735102913,1000.0624653501494
895,602.9701102968114,1000.682117752182,1000.9205535666457
896,501.8883171716771,998.5199663789219,1000.6990554376297
897,296.9898467523172,998.2256301071981,998.4731398460235
898,409.95257742757775,1000.1507573150177,998.9260238135428
899,429.2145201425672,1000.1875096913848,999.210645243246
900,529.7197158482275,1000.6220073727608,1000.1110699038603
901,503.2161408088878,998.7199247570354,1000.691641972672
902,656.6547446078307,999.749246117123,1001.8721047897137
903,378.8143046473172,999.2510681766333,999.0118550817076
904,627.6401641581881,1001.0929831022277,1000.958074056051
905,420.35676967834024,999.5003509225177,999.3089718391304
906,347.1952143642697,998.9080595045,998.7819942330502
907,559.9610884667389,1001.5856025998347,1000.0357638641724
908,437.9040143613833,998.5702326066324,1000.0490836039132
909,382.4819857252663,999.6047986585553,998.9053940026433
910,446.61250992102805,1000.6528570253444,999.1361536581917
911,578.9434831748149,1000.6931146375856,1000.6115204617624
912,427.85700337884055,999.2716318020593,999.5912902792703
913,563.5836374859741,1001.2528060799413,1000.177815166058
914,603.5586958725381,1000.4296125618887,1000.9765973336708
915,445.94046657790017,998.1094932704179,1000.3067811861882
916,577.3166504922734,1000.4941486329,1000.6607325078617
917,453.97166610225634,1001.3460175213753,998.8848771158173
918,367.16096642469216,998.1113156727084,999.2989108945586
919,591.503582140253,1000.7372511834261,1000.7079235348317
920,404.9031621848372,999.4032523884836,999.2345979193707
921,403.9032741282778,999.956639734046,998.9183656954672
922,425.4826051100135,998.8192711776036,999.7912233313657
923,657.8001981385914,1002.129912450296,1000.816521162992
924,664.5087763153144,1002.2364470018264,1000.9015575201868
925,503.05044876422966,997.6911840083417,1001.1681436841783
926,518.6675614514003,1000.9218731065474,999.8514538930448
927,544.4987832475177,1001.0584591439874,1000.0847521387868
928,409.6767581547419,999.4082386159547,999.2615107142053
929,338.57270939774065,998.7662670748726,998.7152162181301
930,427.4869950555412,998.2421022071871,999.903162876118
931,349.7179943520802,998.1137444459856,999.1619843350153
932,434.3865431630347,999.0219601806753,999.6798859557497
933,549.9363662656307,999.9119628297328,1000.6666409559233
934,524.5896561047118,999.7648944090688,1000.3309538352914
935,502.9094733167608,997.2523276853868,1001.4178721630617
936,342.05906592218327,1000.123297516303,998.074654672642
937,622.0320501070222,1000.3750546317557,1001.2243293671028
938,654.8391207616507,1002.5628040644388,1000.553564284494
939,434.69375374375574,999.9449888290919,999.4216054320207
940,470.55463750095595,1000.4711087315517,999.4070184671556
941,380.4770786125914,999.8841545864959,998.6137120235472
942,560.3817655002243,1001.1905555988568,1000.2462320061796
943,549.2573511044259,999.3072135651057,1000.8355433591133
944,494.2516391505415,999.98801843981,999.9218025990764
945,450.4248441539552,1000.0833102606979,999.3349244365033
946,594.8404770774417,1000.0387060085629,1001.096297384408
947,412.90687670782347,1000.2641083594673,998.9138478425658
948,433.42313493255097,1000.4563670665151,999.0944124424547
949,512.0497922742833,999.52058286306,1000.3350494906548
950,478.04811800670416,1000.3254017216386,999.6578719154027
951,413.2997399109179,998.7390190540508,999.5128600106284
952,415.84564074123193,999.8677738730072,999.1937754222732
953,511.5858341897693,998.9297807002687,1000.6577166294873
954,472.8914243365848,999.0758749135068,1000.1955018818976
955,657.9317362206364,1000.2866205242717,1001.6169440141754
956,560.6640923157406,999.6545929819297,1000.876904693194
957,587.743082829888,1001.105424528004,1000.4727127033569
958,472.06766426506164,1000.6452584298779,999.4170607405986
959,390.8626783254045,998.9280852495452,999.2577785181284
960,329.0670351290492,998.9300525231216,998.5349489211923
961,526.7267308621437,999.4651048796204,1000.5181270900513
962,452.1023860774978,1000.8275777655313,999.0524337166389
963,413.87226233784173,1000.8758650693394,998.5870991634101
964,666.4417081533038,1000.8259759498512,1001.51666861716
965,487.76923069610143,1000.8707352407193,999.4312160572487
966,560.6378551057595,1000.5972099256807,1000.3917989458416
967,449.8104762596465,999.2408065884624,999.7367864493367
968,499.9483098716154,1000.5849395908873,999.76260825347
969,429.26772106253816,1000.1813304477496,999.0771653329252
970,508.9117648312799,999.4709343680788,1000.2807829745942
971,546.2039332153029,1000.1547789629,1000.481868423038
972,621.5970322630156,1000.7431472865062,1000.9678423435463
973,413.8417803555996,999.1536757174773,999.3566518636914
974,449.0260696578263,1000.9700116133523,998.9549396098377
975,447.05319043198637,1000.5074433719252,999.1633271747647
976,595.4864806458586,999.7915866890021,1001.1916947834366
977,480.87733295706465,999.0781653587379,1000.129222660384
978,667.708564873697,1000.0887557378168,1001.8535356107338
979,594.6095887530881,1000.3287668581552,1000.9175507328108
980,600.0432909105972,1000.159990971344,1000.9880043909012
981,508.1997820470308,1001.1767365922752,999.525139242516
982,359.1950799155941,998.2787342876436,999.1751519770315
983,365.88328070579985,998.6287528771857,999.1641436797902
984,576.7384252541588,1000.0006930467548,1000.8749842857544
985,515.3251905810469,1001.040520848454,999.8086418557857
986,423.65453318503705,999.8160043504872,999.271888214223
987,543.4922776360299,999.4720257968601,1000.547553460226
988,577.2929236694818,1000.3170631503624,1000.7758768523317
989,421.058946419443,1001.0989500213094,998.5612485230116
990,625.0801846230727,1001.7247400689897,1000.638738062489
991,434.2752828285205,998.8385076877803,999.7059234196794
992,657.7342506736768,1000.5473533213733,1001.56584256576
993,518.3561442572383,1000.127270044991,1000.0946505942577
994,481.86280606911987,998.9604109506528,1000.2422432536572
995,476.52607825585363,1000.0189880645115,999.672731720676
996,457.3131860879925,998.8553786888547,1000.0200261557756
997,456.72099248673385,1001.4516461723787,998.8476055350642
998,403.315575615986,1000.7710227509133,998.5628508600397
999,599.3670934765122,999.2322435973798,1001.451407131737
