,Age,Fare,Survived,Pclass_2,Pclass_3,Sex_male,SibSp_1,SibSp_2,SibSp_3,SibSp_4,SibSp_5,Parch_1,Parch_2,Parch_3,Parch_4,Parch_5,Parch_6,Embarked_Q,Embarked_S
0,22.0,7.25,0,0,1,1,1,0,0,0,0,0,0,0,0,0,0,0,1
1,38.0,71.2833,1,0,0,0,1,0,0,0,0,0,0,0,0,0,0,0,0
2,26.0,7.925,1,0,1,0,0,0,0,0,0,0,0,0,0,0,0,0,1
3,35.0,53.1,1,0,0,0,1,0,0,0,0,0,0,0,0,0,0,0,1
4,35.0,8.05,0,0,1,1,0,0,0,0,0,0,0,0,0,0,0,0,1
6,54.0,51.8625,0,0,0,1,0,0,0,0,0,0,0,0,0,0,0,0,1
7,2.0,21.075,0,0,1,1,0,0,1,0,0,1,0,0,0,0,0,0,1
8,27.0,11.1333,1,0,1,0,0,0,0,0,0,0,1,0,0,0,0,0,1
9,14.0,30.0708,1,1,0,0,1,0,0,0,0,0,0,0,0,0,0,0,0
10,4.0,16.7,1,0,1,0,1,0,0,0,0,1,0,0,0,0,0,0,1
11,58.0,26.55,1,0,0,0,0,0,0,0,0,0,0,0,0,0,0,0,1
12,20.0,8.05,0,0,1,1,0,0,0,0,0,0,0,0,0,0,0,0,1
13,39.0,31.275,0,0,1,1,1,0,0,0,0,0,0,0,0,1,0,0,1
14,14.0,7.8542,0,0,1,0,0,0,0,0,0,0,0,0,0,0,0,0,1
15,55.0,16.0,1,1,0,0,0,0,0,0,0,0,0,0,0,0,0,0,1
16,2.0,29.125,0,0,1,1,0,0,0,1,0,1,0,0,0,0,0,1,0
18,31.0,18.0,0,0,1,0,1,0,0,0,0,0,0,0,0,0,0,0,1
20,35.0,26.0,0,1,0,1,0,0,0,0,0,0,0,0,0,0,0,0,1
21,34.0,13.0,1,1,0,1,0,0,0,0,0,0,0,0,0,0,0,0,1
22,15.0,8.0292,1,0,1,0,0,0,0,0,0,0,0,0,0,0,0,1,0
23,28.0,35.5,1,0,0,1,0,0,0,0,0,0,0,0,0,0,0,0,1
24,8.0,21.075,0,0,1,0,0,0,1,0,0,1,0,0,0,0,0,0,1
25,38.0,31.3875,1,0,1,0,1,0,0,0,0,0,0,0,0,1,0,0,1
27,19.0,263.0,0,0,0,1,0,0,1,0,0,0,1,0,0,0,0,0,1
30,40.0,27.7208,0,0,0,1,0,0,0,0,0,0,0,0,0,0,0,0,0
33,66.0,10.5,0,1,0,1,0,0,0,0,0,0,0,0,0,0,0,0,1
34,28.0,82.1708,0,0,0,1,1,0,0,0,0,0,0,0,0,0,0,0,0
35,42.0,52.0,0,0,0,1,1,0,0,0,0,0,0,0,0,0,0,0,1
37,21.0,8.05,0,0,1,1,0,0,0,0,0,0,0,0,0,0,0,0,1
38,18.0,18.0,0,0,1,0,0,1,0,0,0,0,0,0,0,0,0,0,1
39,14.0,11.2417,1,0,1,0,1,0,0,0,0,0,0,0,0,0,0,0,0
40,40.0,9.475,0,0,1,0,1,0,0,0,0,0,0,0,0,0,0,0,1
41,27.0,21.0,0,1,0,0,1,0,0,0,0,0,0,0,0,0,0,0,1
43,3.0,41.5792,1,1,0,0,1,0,0,0,0,0,1,0,0,0,0,0,0
44,19.0,7.8792,1,0,1,0,0,0,0,0,0,0,0,0,0,0,0,1,0
49,18.0,17.8,0,0,1,0,1,0,0,0,0,0,0,0,0,0,0,0,1
50,7.0,39.6875,0,0,1,1,0,0,0,1,0,1,0,0,0,0,0,0,1
51,21.0,7.8,0,0,1,1,0,0,0,0,0,0,0,0,0,0,0,0,1
52,49.0,76.7292,1,0,0,0,1,0,0,0,0,0,0,0,0,0,0,0,0
53,29.0,26.0,1,1,0,0,1,0,0,0,0,0,0,0,0,0,0,0,1
54,65.0,61.9792,0,0,0,1,0,0,0,0,0,1,0,0,0,0,0,0,0
56,21.0,10.5,1,1,0,0,0,0,0,0,0,0,0,0,0,0,0,0,1
57,28.5,7.2292,0,0,1,1,0,0,0,0,0,0,0,0,0,0,0,0,0
58,5.0,27.75,1,1,0,0,1,0,0,0,0,0,1,0,0,0,0,0,1
59,11.0,46.9,0,0,1,1,0,0,0,0,1,0,1,0,0,0,0,0,1
60,22.0,7.2292,0,0,1,1,0,0,0,0,0,0,0,0,0,0,0,0,0
62,45.0,83.475,0,0,0,1,1,0,0,0,0,0,0,0,0,0,0,0,1
63,4.0,27.9,0,0,1,1,0,0,1,0,0,0,1,0,0,0,0,0,1
66,29.0,10.5,1,1,0,0,0,0,0,0,0,0,0,0,0,0,0,0,1
67,19.0,8.1583,0,0,1,1,0,0,0,0,0,0,0,0,0,0,0,0,1
68,17.0,7.925,1,0,1,0,0,0,0,1,0,0,1,0,0,0,0,0,1
69,26.0,8.6625,0,0,1,1,0,1,0,0,0,0,0,0,0,0,0,0,1
70,32.0,10.5,0,1,0,1,0,0,0,0,0,0,0,0,0,0,0,0,1
71,16.0,46.9,0,0,1,0,0,0,0,0,1,0,1,0,0,0,0,0,1
72,21.0,73.5,0,1,0,1,0,0,0,0,0,0,0,0,0,0,0,0,1
73,26.0,14.4542,0,0,1,1,1,0,0,0,0,0,0,0,0,0,0,0,0
74,32.0,56.4958,1,0,1,1,0,0,0,0,0,0,0,0,0,0,0,0,1
75,25.0,7.65,0,0,1,1,0,0,0,0,0,0,0,0,0,0,0,0,1
78,0.83,29.0,1,1,0,1,0,0,0,0,0,0,1,0,0,0,0,0,1
79,30.0,12.475,1,0,1,0,0,0,0,0,0,0,0,0,0,0,0,0,1
80,22.0,9.0,0,0,1,1,0,0,0,0,0,0,0,0,0,0,0,0,1
81,29.0,9.5,1,0,1,1,0,0,0,0,0,0,0,0,0,0,0,0,1
83,28.0,47.1,0,0,0,1,0,0,0,0,0,0,0,0,0,0,0,0,1
84,17.0,10.5,1,1,0,0,0,0,0,0,0,0,0,0,0,0,0,0,1
85,33.0,15.85,1,0,1,0,0,0,1,0,0,0,0,0,0,0,0,0,1
86,16.0,34.375,0,0,1,1,1,0,0,0,0,0,0,1,0,0,0,0,1
88,23.0,263.0,1,0,0,0,0,0,1,0,0,0,1,0,0,0,0,0,1
89,24.0,8.05,0,0,1,1,0,0,0,0,0,0,0,0,0,0,0,0,1
90,29.0,8.05,0,0,1,1,0,0,0,0,0,0,0,0,0,0,0,0,1
91,20.0,7.8542,0,0,1,1,0,0,0,0,0,0,0,0,0,0,0,0,1
92,46.0,61.175,0,0,0,1,1,0,0,0,0,0,0,0,0,0,0,0,1
93,26.0,20.575,0,0,1,1,1,0,0,0,0,0,1,0,0,0,0,0,1
94,59.0,7.25,0,0,1,1,0,0,0,0,0,0,0,0,0,0,0,0,1
96,71.0,34.6542,0,0,0,1,0,0,0,0,0,0,0,0,0,0,0,0,0
97,23.0,63.3583,1,0,0,1,0,0,0,0,0,1,0,0,0,0,0,0,0
98,34.0,23.0,1,1,0,0,0,0,0,0,0,1,0,0,0,0,0,0,1
99,34.0,26.0,0,1,0,1,1,0,0,0,0,0,0,0,0,0,0,0,1
100,28.0,7.8958,0,0,1,0,0,0,0,0,0,0,0,0,0,0,0,0,1
102,21.0,77.2875,0,0,0,1,0,0,0,0,0,1,0,0,0,0,0,0,1
103,33.0,8.6542,0,0,1,1,0,0,0,0,0,0,0,0,0,0,0,0,1
104,37.0,7.925,0,0,1,1,0,1,0,0,0,0,0,0,0,0,0,0,1
105,28.0,7.8958,0,0,1,1,0,0,0,0,0,0,0,0,0,0,0,0,1
106,21.0,7.65,1,0,1,0,0,0,0,0,0,0,0,0,0,0,0,0,1
108,38.0,7.8958,0,0,1,1,0,0,0,0,0,0,0,0,0,0,0,0,1
110,47.0,52.0,0,0,0,1,0,0,0,0,0,0,0,0,0,0,0,0,1
111,14.5,14.4542,0,0,1,0,1,0,0,0,0,0,0,0,0,0,0,0,0
112,22.0,8.05,0,0,1,1,0,0,0,0,0,0,0,0,0,0,0,0,1
113,20.0,9.825,0,0,1,0,1,0,0,0,0,0,0,0,0,0,0,0,1
114,17.0,14.4583,0,0,1,0,0,0,0,0,0,0,0,0,0,0,0,0,0
115,21.0,7.925,0,0,1,1,0,0,0,0,0,0,0,0,0,0,0,0,1
116,70.5,7.75,0,0,1,1,0,0,0,0,0,0,0,0,0,0,0,1,0
117,29.0,21.0,0,1,0,1,1,0,0,0,0,0,0,0,0,0,0,0,1
118,24.0,247.5208,0,0,0,1,0,0,0,0,0,1,0,0,0,0,0,0,0
119,2.0,31.275,0,0,1,0,0,0,0,1,0,0,1,0,0,0,0,0,1
120,21.0,73.5,0,1,0,1,0,1,0,0,0,0,0,0,0,0,0,0,1
122,32.5,30.0708,0,1,0,1,1,0,0,0,0,0,0,0,0,0,0,0,0
123,32.5,13.0,1,1,0,0,0,0,0,0,0,0,0,0,0,0,0,0,1
124,54.0,77.2875,0,0,0,1,0,0,0,0,0,1,0,0,0,0,0,0,1
125,12.0,11.2417,1,0,1,1,1,0,0,0,0,0,0,0,0,0,0,0,0
127,24.0,7.1417,1,0,1,1,0,0,0,0,0,0,0,0,0,0,0,0,1
129,45.0,6.975,0,0,1,1,0,0,0,0,0,0,0,0,0,0,0,0,1
130,33.0,7.8958,0,0,1,1,0,0,0,0,0,0,0,0,0,0,0,0,0
131,20.0,7.05,0,0,1,1,0,0,0,0,0,0,0,0,0,0,0,0,1
132,47.0,14.5,0,0,1,0,1,0,0,0,0,0,0,0,0,0,0,0,1
133,29.0,26.0,1,1,0,0,1,0,0,0,0,0,0,0,0,0,0,0,1
134,25.0,13.0,0,1,0,1,0,0,0,0,0,0,0,0,0,0,0,0,1
135,23.0,15.0458,0,1,0,1,0,0,0,0,0,0,0,0,0,0,0,0,0
136,19.0,26.2833,1,0,0,0,0,0,0,0,0,0,1,0,0,0,0,0,1
137,37.0,53.1,0,0,0,1,1,0,0,0,0,0,0,0,0,0,0,0,1
138,16.0,9.2167,0,0,1,1,0,0,0,0,0,0,0,0,0,0,0,0,1
139,24.0,79.2,0,0,0,1,0,0,0,0,0,0,0,0,0,0,0,0,0
141,22.0,7.75,1,0,1,0,0,0,0,0,0,0,0,0,0,0,0,0,1
142,24.0,15.85,1,0,1,0,1,0,0,0,0,0,0,0,0,0,0,0,1
143,19.0,6.75,0,0,1,1,0,0,0,0,0,0,0,0,0,0,0,1,0
144,18.0,11.5,0,1,0,1,0,0,0,0,0,0,0,0,0,0,0,0,1
145,19.0,36.75,0,1,0,1,1,0,0,0,0,1,0,0,0,0,0,0,1
146,27.0,7.7958,1,0,1,1,0,0,0,0,0,0,0,0,0,0,0,0,1
147,9.0,34.375,0,0,1,0,0,1,0,0,0,0,1,0,0,0,0,0,1
148,36.5,26.0,0,1,0,1,0,0,0,0,0,0,1,0,0,0,0,0,1
149,42.0,13.0,0,1,0,1,0,0,0,0,0,0,0,0,0,0,0,0,1
150,51.0,12.525,0,1,0,1,0,0,0,0,0,0,0,0,0,0,0,0,1
151,22.0,66.6,1,0,0,0,1,0,0,0,0,0,0,0,0,0,0,0,1
152,55.5,8.05,0,0,1,1,0,0,0,0,0,0,0,0,0,0,0,0,1
153,40.5,14.5,0,0,1,1,0,0,0,0,0,0,1,0,0,0,0,0,1
155,51.0,61.3792,0,0,0,1,0,0,0,0,0,1,0,0,0,0,0,0,0
156,16.0,7.7333,1,0,1,0,0,0,0,0,0,0,0,0,0,0,0,1,0
157,30.0,8.05,0,0,1,1,0,0,0,0,0,0,0,0,0,0,0,0,1
160,44.0,16.1,0,0,1,1,0,0,0,0,0,1,0,0,0,0,0,0,1
161,40.0,15.75,1,1,0,0,0,0,0,0,0,0,0,0,0,0,0,0,1
162,26.0,7.775,0,0,1,1,0,0,0,0,0,0,0,0,0,0,0,0,1
163,17.0,8.6625,0,0,1,1,0,0,0,0,0,0,0,0,0,0,0,0,1
164,1.0,39.6875,0,0,1,1,0,0,0,1,0,1,0,0,0,0,0,0,1
165,9.0,20.525,1,0,1,1,0,0,0,0,0,0,1,0,0,0,0,0,1
167,45.0,27.9,0,0,1,0,1,0,0,0,0,0,0,0,1,0,0,0,1
169,28.0,56.4958,0,0,1,1,0,0,0,0,0,0,0,0,0,0,0,0,1
170,61.0,33.5,0,0,0,1,0,0,0,0,0,0,0,0,0,0,0,0,1
171,4.0,29.125,0,0,1,1,0,0,0,1,0,1,0,0,0,0,0,1,0
172,1.0,11.1333,1,0,1,0,1,0,0,0,0,1,0,0,0,0,0,0,1
173,21.0,7.925,0,0,1,1,0,0,0,0,0,0,0,0,0,0,0,0,1
174,56.0,30.6958,0,0,0,1,0,0,0,0,0,0,0,0,0,0,0,0,0
175,18.0,7.8542,0,0,1,1,1,0,0,0,0,1,0,0,0,0,0,0,1
177,50.0,28.7125,0,0,0,0,0,0,0,0,0,0,0,0,0,0,0,0,0
178,30.0,13.0,0,1,0,1,0,0,0,0,0,0,0,0,0,0,0,0,1
179,36.0,0.0,0,0,1,1,0,0,0,0,0,0,0,0,0,0,0,0,1
182,9.0,31.3875,0,0,1,1,0,0,0,1,0,0,1,0,0,0,0,0,1
183,1.0,39.0,1,1,0,1,0,1,0,0,0,1,0,0,0,0,0,0,1
184,4.0,22.025,1,0,1,0,0,0,0,0,0,0,1,0,0,0,0,0,1
187,45.0,26.55,1,0,0,1,0,0,0,0,0,0,0,0,0,0,0,0,1
188,40.0,15.5,0,0,1,1,1,0,0,0,0,1,0,0,0,0,0,1,0
189,36.0,7.8958,0,0,1,1,0,0,0,0,0,0,0,0,0,0,0,0,1
190,32.0,13.0,1,1,0,0,0,0,0,0,0,0,0,0,0,0,0,0,1
191,19.0,13.0,0,1,0,1,0,0,0,0,0,0,0,0,0,0,0,0,1
192,19.0,7.8542,1,0,1,0,1,0,0,0,0,0,0,0,0,0,0,0,1
193,3.0,26.0,1,1,0,1,1,0,0,0,0,1,0,0,0,0,0,0,1
194,44.0,27.7208,1,0,0,0,0,0,0,0,0,0,0,0,0,0,0,0,0
195,58.0,146.5208,1,0,0,0,0,0,0,0,0,0,0,0,0,0,0,0,0
197,42.0,8.4042,0,0,1,1,0,0,0,0,0,1,0,0,0,0,0,0,1
199,24.0,13.0,0,1,0,0,0,0,0,0,0,0,0,0,0,0,0,0,1
200,28.0,9.5,0,0,1,1,0,0,0,0,0,0,0,0,0,0,0,0,1
202,34.0,6.4958,0,0,1,1,0,0,0,0,0,0,0,0,0,0,0,0,1
203,45.5,7.225,0,0,1,1,0,0,0,0,0,0,0,0,0,0,0,0,0
204,18.0,8.05,1,0,1,1,0,0,0,0,0,0,0,0,0,0,0,0,1
205,2.0,10.4625,0,0,1,0,0,0,0,0,0,1,0,0,0,0,0,0,1
206,32.0,15.85,0,0,1,1,1,0,0,0,0,0,0,0,0,0,0,0,1
207,26.0,18.7875,1,0,1,1,0,0,0,0,0,0,0,0,0,0,0,0,0
208,16.0,7.75,1,0,1,0,0,0,0,0,0,0,0,0,0,0,0,1,0
209,40.0,31.0,1,0,0,1,0,0,0,0,0,0,0,0,0,0,0,0,0
210,24.0,7.05,0,0,1,1,0,0,0,0,0,0,0,0,0,0,0,0,1
211,35.0,21.0,1,1,0,0,0,0,0,0,0,0,0,0,0,0,0,0,1
212,22.0,7.25,0,0,1,1,0,0,0,0,0,0,0,0,0,0,0,0,1
213,30.0,13.0,0,1,0,1,0,0,0,0,0,0,0,0,0,0,0,0,1
215,31.0,113.275,1,0,0,0,1,0,0,0,0,0,0,0,0,0,0,0,0
216,27.0,7.925,1,0,1,0,0,0,0,0,0,0,0,0,0,0,0,0,1
217,42.0,27.0,0,1,0,1,1,0,0,0,0,0,0,0,0,0,0,0,1
218,32.0,76.2917,1,0,0,0,0,0,0,0,0,0,0,0,0,0,0,0,0
219,30.0,10.5,0,1,0,1,0,0,0,0,0,0,0,0,0,0,0,0,1
220,16.0,8.05,1,0,1,1,0,0,0,0,0,0,0,0,0,0,0,0,1
221,27.0,13.0,0,1,0,1,0,0,0,0,0,0,0,0,0,0,0,0,1
222,51.0,8.05,0,0,1,1,0,0,0,0,0,0,0,0,0,0,0,0,1
224,38.0,90.0,1,0,0,1,1,0,0,0,0,0,0,0,0,0,0,0,1
225,22.0,9.35,0,0,1,1,0,0,0,0,0,0,0,0,0,0,0,0,1
226,19.0,10.5,1,1,0,1,0,0,0,0,0,0,0,0,0,0,0,0,1
227,20.5,7.25,0,0,1,1,0,0,0,0,0,0,0,0,0,0,0,0,1
228,18.0,13.0,0,1,0,1,0,0,0,0,0,0,0,0,0,0,0,0,1
230,35.0,83.475,1,0,0,0,1,0,0,0,0,0,0,0,0,0,0,0,1
231,29.0,7.775,0,0,1,1,0,0,0,0,0,0,0,0,0,0,0,0,1
232,59.0,13.5,0,1,0,1,0,0,0,0,0,0,0,0,0,0,0,0,1
233,5.0,31.3875,1,0,1,0,0,0,0,1,0,0,1,0,0,0,0,0,1
234,24.0,10.5,0,1,0,1,0,0,0,0,0,0,0,0,0,0,0,0,1
236,44.0,26.0,0,1,0,1,1,0,0,0,0,0,0,0,0,0,0,0,1
237,8.0,26.25,1,1,0,0,0,0,0,0,0,0,1,0,0,0,0,0,1
238,19.0,10.5,0,1,0,1,0,0,0,0,0,0,0,0,0,0,0,0,1
239,33.0,12.275,0,1,0,1,0,0,0,0,0,0,0,0,0,0,0,0,1
242,29.0,10.5,0,1,0,1,0,0,0,0,0,0,0,0,0,0,0,0,1
243,22.0,7.125,0,0,1,1,0,0,0,0,0,0,0,0,0,0,0,0,1
244,30.0,7.225,0,0,1,1,0,0,0,0,0,0,0,0,0,0,0,0,0
245,44.0,90.0,0,0,0,1,0,1,0,0,0,0,0,0,0,0,0,1,0
246,25.0,7.775,0,0,1,0,0,0,0,0,0,0,0,0,0,0,0,0,1
247,24.0,14.5,1,1,0,0,0,0,0,0,0,0,1,0,0,0,0,0,1
248,37.0,52.5542,1,0,0,1,1,0,0,0,0,1,0,0,0,0,0,0,1
249,54.0,26.0,0,1,0,1,1,0,0,0,0,0,0,0,0,0,0,0,1
251,29.0,10.4625,0,0,1,0,1,0,0,0,0,1,0,0,0,0,0,0,1
252,62.0,26.55,0,0,0,1,0,0,0,0,0,0,0,0,0,0,0,0,1
253,30.0,16.1,0,0,1,1,1,0,0,0,0,0,0,0,0,0,0,0,1
254,41.0,20.2125,0,0,1,0,0,0,0,0,0,0,1,0,0,0,0,0,1
255,29.0,15.2458,1,0,1,0,0,0,0,0,0,0,1,0,0,0,0,0,0
257,30.0,86.5,1,0,0,0,0,0,0,0,0,0,0,0,0,0,0,0,1
258,35.0,512.3292,1,0,0,0,0,0,0,0,0,0,0,0,0,0,0,0,0
259,50.0,26.0,1,1,0,0,0,0,0,0,0,1,0,0,0,0,0,0,1
261,3.0,31.3875,1,0,1,1,0,0,0,1,0,0,1,0,0,0,0,0,1
262,52.0,79.65,0,0,0,1,1,0,0,0,0,1,0,0,0,0,0,0,1
263,40.0,0.0,0,0,0,1,0,0,0,0,0,0,0,0,0,0,0,0,1
265,36.0,10.5,0,1,0,1,0,0,0,0,0,0,0,0,0,0,0,0,1
266,16.0,39.6875,0,0,1,1,0,0,0,1,0,1,0,0,0,0,0,0,1
267,25.0,7.775,1,0,1,1,1,0,0,0,0,0,0,0,0,0,0,0,1
268,58.0,153.4625,1,0,0,0,0,0,0,0,0,1,0,0,0,0,0,0,1
269,35.0,135.6333,1,0,0,0,0,0,0,0,0,0,0,0,0,0,0,0,1
271,25.0,0.0,1,0,1,1,0,0,0,0,0,0,0,0,0,0,0,0,1
272,41.0,19.5,1,1,0,0,0,0,0,0,0,1,0,0,0,0,0,0,1
273,37.0,29.7,0,0,0,1,0,0,0,0,0,1,0,0,0,0,0,0,0
275,63.0,77.9583,1,0,0,0,1,0,0,0,0,0,0,0,0,0,0,0,1
276,45.0,7.75,0,0,1,0,0,0,0,0,0,0,0,0,0,0,0,0,1
278,7.0,29.125,0,0,1,1,0,0,0,1,0,1,0,0,0,0,0,1,0
279,35.0,20.25,1,0,1,0,1,0,0,0,0,1,0,0,0,0,0,0,1
280,65.0,7.75,0,0,1,1,0,0,0,0,0,0,0,0,0,0,0,1,0
281,28.0,7.8542,0,0,1,1,0,0,0,0,0,0,0,0,0,0,0,0,1
282,16.0,9.5,0,0,1,1,0,0,0,0,0,0,0,0,0,0,0,0,1
283,19.0,8.05,1,0,1,1,0,0,0,0,0,0,0,0,0,0,0,0,1
285,33.0,8.6625,0,0,1,1,0,0,0,0,0,0,0,0,0,0,0,0,0
286,30.0,9.5,1,0,1,1,0,0,0,0,0,0,0,0,0,0,0,0,1
287,22.0,7.8958,0,0,1,1,0,0,0,0,0,0,0,0,0,0,0,0,1
288,42.0,13.0,1,1,0,1,0,0,0,0,0,0,0,0,0,0,0,0,1
289,22.0,7.75,1,0,1,0,0,0,0,0,0,0,0,0,0,0,0,1,0
290,26.0,78.85,1,0,0,0,0,0,0,0,0,0,0,0,0,0,0,0,1
291,19.0,91.0792,1,0,0,0,1,0,0,0,0,0,0,0,0,0,0,0,0
292,36.0,12.875,0,1,0,1,0,0,0,0,0,0,0,0,0,0,0,0,0
293,24.0,8.85,0,0,1,0,0,0,0,0,0,0,0,0,0,0,0,0,1
294,24.0,7.8958,0,0,1,1,0,0,0,0,0,0,0,0,0,0,0,0,1
296,23.5,7.2292,0,0,1,1,0,0,0,0,0,0,0,0,0,0,0,0,0
297,2.0,151.55,0,0,0,0,1,0,0,0,0,0,1,0,0,0,0,0,1
299,50.0,247.5208,1,0,0,0,0,0,0,0,0,1,0,0,0,0,0,0,0
302,19.0,0.0,0,0,1,1,0,0,0,0,0,0,0,0,0,0,0,0,1
305,0.92,151.55,1,0,0,1,1,0,0,0,0,0,1,0,0,0,0,0,1
307,17.0,108.9,1,0,0,0,1,0,0,0,0,0,0,0,0,0,0,0,0
308,30.0,24.0,0,1,0,1,1,0,0,0,0,0,0,0,0,0,0,0,0
309,30.0,56.9292,1,0,0,0,0,0,0,0,0,0,0,0,0,0,0,0,0
310,24.0,83.1583,1,0,0,0,0,0,0,0,0,0,0,0,0,0,0,0,0
311,18.0,262.375,1,0,0,0,0,1,0,0,0,0,1,0,0,0,0,0,0
312,26.0,26.0,0,1,0,0,1,0,0,0,0,1,0,0,0,0,0,0,1
313,28.0,7.8958,0,0,1,1,0,0,0,0,0,0,0,0,0,0,0,0,1
314,43.0,26.25,0,1,0,1,1,0,0,0,0,1,0,0,0,0,0,0,1
315,26.0,7.8542,1,0,1,0,0,0,0,0,0,0,0,0,0,0,0,0,1
316,24.0,26.0,1,1,0,0,1,0,0,0,0,0,0,0,0,0,0,0,1
317,54.0,14.0,0,1,0,1,0,0,0,0,0,0,0,0,0,0,0,0,1
318,31.0,164.8667,1,0,0,0,0,0,0,0,0,0,1,0,0,0,0,0,1
319,40.0,134.5,1,0,0,0,1,0,0,0,0,1,0,0,0,0,0,0,0
320,22.0,7.25,0,0,1,1,0,0,0,0,0,0,0,0,0,0,0,0,1
321,27.0,7.8958,0,0,1,1,0,0,0,0,0,0,0,0,0,0,0,0,1
322,30.0,12.35,1,1,0,0,0,0,0,0,0,0,0,0,0,0,0,1,0
323,22.0,29.0,1,1,0,0,1,0,0,0,0,1,0,0,0,0,0,0,1
325,36.0,135.6333,1,0,0,0,0,0,0,0,0,0,0,0,0,0,0,0,0
326,61.0,6.2375,0,0,1,1,0,0,0,0,0,0,0,0,0,0,0,0,1
327,36.0,13.0,1,1,0,0,0,0,0,0,0,0,0,0,0,0,0,0,1
328,31.0,20.525,1,0,1,0,1,0,0,0,0,1,0,0,0,0,0,0,1
329,16.0,57.9792,1,0,0,0,0,0,0,0,0,1,0,0,0,0,0,0,0
331,45.5,28.5,0,0,0,1,0,0,0,0,0,0,0,0,0,0,0,0,1
332,38.0,153.4625,0,0,0,1,0,0,0,0,0,1,0,0,0,0,0,0,1
333,16.0,18.0,0,0,1,1,0,1,0,0,0,0,0,0,0,0,0,0,1
336,29.0,66.6,0,0,0,1,1,0,0,0,0,0,0,0,0,0,0,0,1
337,41.0,134.5,1,0,0,0,0,0,0,0,0,0,0,0,0,0,0,0,0
338,45.0,8.05,1,0,1,1,0,0,0,0,0,0,0,0,0,0,0,0,1
339,45.0,35.5,0,0,0,1,0,0,0,0,0,0,0,0,0,0,0,0,1
340,2.0,26.0,1,1,0,1,1,0,0,0,0,1,0,0,0,0,0,0,1
341,24.0,263.0,1,0,0,0,0,0,1,0,0,0,1,0,0,0,0,0,1
342,28.0,13.0,0,1,0,1,0,0,0,0,0,0,0,0,0,0,0,0,1
343,25.0,13.0,0,1,0,1,0,0,0,0,0,0,0,0,0,0,0,0,1
344,36.0,13.0,0,1,0,1,0,0,0,0,0,0,0,0,0,0,0,0,1
345,24.0,13.0,1,1,0,0,0,0,0,0,0,0,0,0,0,0,0,0,1
346,40.0,13.0,1,1,0,0,0,0,0,0,0,0,0,0,0,0,0,0,1
348,3.0,15.9,1,0,1,1,1,0,0,0,0,1,0,0,0,0,0,0,1
349,42.0,8.6625,0,0,1,1,0,0,0,0,0,0,0,0,0,0,0,0,1
350,23.0,9.225,0,0,1,1,0,0,0,0,0,0,0,0,0,0,0,0,1
352,15.0,7.2292,0,0,1,1,1,0,0,0,0,1,0,0,0,0,0,0,0
353,25.0,17.8,0,0,1,1,1,0,0,0,0,0,0,0,0,0,0,0,1
355,28.0,9.5,0,0,1,1,0,0,0,0,0,0,0,0,0,0,0,0,1
356,22.0,55.0,1,0,0,0,0,0,0,0,0,1,0,0,0,0,0,0,1
357,38.0,13.0,0,1,0,0,0,0,0,0,0,0,0,0,0,0,0,0,1
360,40.0,27.9,0,0,1,1,1,0,0,0,0,0,0,0,1,0,0,0,1
361,29.0,27.7208,0,1,0,1,1,0,0,0,0,0,0,0,0,0,0,0,0
362,45.0,14.4542,0,0,1,0,0,0,0,0,0,1,0,0,0,0,0,0,0
363,35.0,7.05,0,0,1,1,0,0,0,0,0,0,0,0,0,0,0,0,1
365,30.0,7.25,0,0,1,1,0,0,0,0,0,0,0,0,0,0,0,0,1
366,60.0,75.25,1,0,0,0,1,0,0,0,0,0,0,0,0,0,0,0,0
369,24.0,69.3,1,0,0,0,0,0,0,0,0,0,0,0,0,0,0,0,0
370,25.0,55.4417,1,0,0,1,1,0,0,0,0,0,0,0,0,0,0,0,0
371,18.0,6.4958,0,0,1,1,1,0,0,0,0,0,0,0,0,0,0,0,1
372,19.0,8.05,0,0,1,1,0,0,0,0,0,0,0,0,0,0,0,0,1
373,22.0,135.6333,0,0,0,1,0,0,0,0,0,0,0,0,0,0,0,0,0
374,3.0,21.075,0,0,1,0,0,0,1,0,0,1,0,0,0,0,0,0,1
376,22.0,7.25,1,0,1,0,0,0,0,0,0,0,0,0,0,0,0,0,1
377,27.0,211.5,0,0,0,1,0,0,0,0,0,0,1,0,0,0,0,0,0
378,20.0,4.0125,0,0,1,1,0,0,0,0,0,0,0,0,0,0,0,0,0
379,19.0,7.775,0,0,1,1,0,0,0,0,0,0,0,0,0,0,0,0,1
380,42.0,227.525,1,0,0,0,0,0,0,0,0,0,0,0,0,0,0,0,0
381,1.0,15.7417,1,0,1,0,0,0,0,0,0,0,1,0,0,0,0,0,0
382,32.0,7.925,0,0,1,1,0,0,0,0,0,0,0,0,0,0,0,0,1
383,35.0,52.0,1,0,0,0,1,0,0,0,0,0,0,0,0,0,0,0,1
385,18.0,73.5,0,1,0,1,0,0,0,0,0,0,0,0,0,0,0,0,1
386,1.0,46.9,0,0,1,1,0,0,0,0,1,0,1,0,0,0,0,0,1
387,36.0,13.0,1,1,0,0,0,0,0,0,0,0,0,0,0,0,0,0,1
389,17.0,12.0,1,1,0,0,0,0,0,0,0,0,0,0,0,0,0,0,0
390,36.0,120.0,1,0,0,1,1,0,0,0,0,0,1,0,0,0,0,0,1
391,21.0,7.7958,1,0,1,1,0,0,0,0,0,0,0,0,0,0,0,0,1
392,28.0,7.925,0,0,1,1,0,1,0,0,0,0,0,0,0,0,0,0,1
393,23.0,113.275,1,0,0,0,1,0,0,0,0,0,0,0,0,0,0,0,0
394,24.0,16.7,1,0,1,0,0,0,0,0,0,0,1,0,0,0,0,0,1
395,22.0,7.7958,0,0,1,1,0,0,0,0,0,0,0,0,0,0,0,0,1
396,31.0,7.8542,0,0,1,0,0,0,0,0,0,0,0,0,0,0,0,0,1
397,46.0,26.0,0,1,0,1,0,0,0,0,0,0,0,0,0,0,0,0,1
398,23.0,10.5,0,1,0,1,0,0,0,0,0,0,0,0,0,0,0,0,1
399,28.0,12.65,1,1,0,0,0,0,0,0,0,0,0,0,0,0,0,0,1
400,39.0,7.925,1,0,1,1,0,0,0,0,0,0,0,0,0,0,0,0,1
401,26.0,8.05,0,0,1,1,0,0,0,0,0,0,0,0,0,0,0,0,1
402,21.0,9.825,0,0,1,0,1,0,0,0,0,0,0,0,0,0,0,0,1
403,28.0,15.85,0,0,1,1,1,0,0,0,0,0,0,0,0,0,0,0,1
404,20.0,8.6625,0,0,1,0,0,0,0,0,0,0,0,0,0,0,0,0,1
405,34.0,21.0,0,1,0,1,1,0,0,0,0,0,0,0,0,0,0,0,1
406,51.0,7.75,0,0,1,1,0,0,0,0,0,0,0,0,0,0,0,0,1
407,3.0,18.75,1,1,0,1,1,0,0,0,0,1,0,0,0,0,0,0,1
408,21.0,7.775,0,0,1,1,0,0,0,0,0,0,0,0,0,0,0,0,1
412,33.0,90.0,1,0,0,0,1,0,0,0,0,0,0,0,0,0,0,1,0
414,44.0,7.925,1,0,1,1,0,0,0,0,0,0,0,0,0,0,0,0,1
416,34.0,32.5,1,1,0,0,1,0,0,0,0,1,0,0,0,0,0,0,1
417,18.0,13.0,1,1,0,0,0,0,0,0,0,0,1,0,0,0,0,0,1
418,30.0,13.0,0,1,0,1,0,0,0,0,0,0,0,0,0,0,0,0,1
419,10.0,24.15,0,0,1,0,0,0,0,0,0,0,1,0,0,0,0,0,1
421,21.0,7.7333,0,0,1,1,0,0,0,0,0,0,0,0,0,0,0,1,0
422,29.0,7.875,0,0,1,1,0,0,0,0,0,0,0,0,0,0,0,0,1
423,28.0,14.4,0,0,1,0,1,0,0,0,0,1,0,0,0,0,0,0,1
424,18.0,20.2125,0,0,1,1,1,0,0,0,0,1,0,0,0,0,0,0,1
426,28.0,26.0,1,1,0,0,1,0,0,0,0,0,0,0,0,0,0,0,1
427,19.0,26.0,1,1,0,0,0,0,0,0,0,0,0,0,0,0,0,0,1
429,32.0,8.05,1,0,1,1,0,0,0,0,0,0,0,0,0,0,0,0,1
430,28.0,26.55,1,0,0,1,0,0,0,0,0,0,0,0,0,0,0,0,1
432,42.0,26.0,1,1,0,0,1,0,0,0,0,0,0,0,0,0,0,0,1
433,17.0,7.125,0,0,1,1,0,0,0,0,0,0,0,0,0,0,0,0,1
434,50.0,55.9,0,0,0,1,1,0,0,0,0,0,0,0,0,0,0,0,1
435,14.0,120.0,1,0,0,0,1,0,0,0,0,0,1,0,0,0,0,0,1
436,21.0,34.375,0,0,1,0,0,1,0,0,0,0,1,0,0,0,0,0,1
437,24.0,18.75,1,1,0,0,0,1,0,0,0,0,0,1,0,0,0,0,1
438,64.0,263.0,0,0,0,1,1,0,0,0,0,0,0,0,1,0,0,0,1
439,31.0,10.5,0,1,0,1,0,0,0,0,0,0,0,0,0,0,0,0,1
440,45.0,26.25,1,1,0,0,1,0,0,0,0,1,0,0,0,0,0,0,1
441,20.0,9.5,0,0,1,1,0,0,0,0,0,0,0,0,0,0,0,0,1
442,25.0,7.775,0,0,1,1,1,0,0,0,0,0,0,0,0,0,0,0,1
443,28.0,13.0,1,1,0,0,0,0,0,0,0,0,0,0,0,0,0,0,1
445,4.0,81.8583,1,0,0,1,0,0,0,0,0,0,1,0,0,0,0,0,1
446,13.0,19.5,1,1,0,0,0,0,0,0,0,1,0,0,0,0,0,0,1
447,34.0,26.55,1,0,0,1,0,0,0,0,0,0,0,0,0,0,0,0,1
448,5.0,19.2583,1,0,1,0,0,1,0,0,0,1,0,0,0,0,0,0,0
449,52.0,30.5,1,0,0,1,0,0,0,0,0,0,0,0,0,0,0,0,1
450,36.0,27.75,0,1,0,1,1,0,0,0,0,0,1,0,0,0,0,0,1
452,30.0,27.75,0,0,0,1,0,0,0,0,0,0,0,0,0,0,0,0,0
453,49.0,89.1042,1,0,0,1,1,0,0,0,0,0,0,0,0,0,0,0,0
455,29.0,7.8958,1,0,1,1,0,0,0,0,0,0,0,0,0,0,0,0,0
456,65.0,26.55,0,0,0,1,0,0,0,0,0,0,0,0,0,0,0,0,1
458,50.0,10.5,1,1,0,0,0,0,0,0,0,0,0,0,0,0,0,0,1
460,48.0,26.55,1,0,0,1,0,0,0,0,0,0,0,0,0,0,0,0,1
461,34.0,8.05,0,0,1,1,0,0,0,0,0,0,0,0,0,0,0,0,1
462,47.0,38.5,0,0,0,1,0,0,0,0,0,0,0,0,0,0,0,0,1
463,48.0,13.0,0,1,0,1,0,0,0,0,0,0,0,0,0,0,0,0,1
465,38.0,7.05,0,0,1,1,0,0,0,0,0,0,0,0,0,0,0,0,1
467,56.0,26.55,0,0,0,1,0,0,0,0,0,0,0,0,0,0,0,0,1
469,0.75,19.2583,1,0,1,0,0,1,0,0,0,1,0,0,0,0,0,0,0
471,38.0,8.6625,0,0,1,1,0,0,0,0,0,0,0,0,0,0,0,0,1
472,33.0,27.75,1,1,0,0,1,0,0,0,0,0,1,0,0,0,0,0,1
473,23.0,13.7917,1,1,0,0,0,0,0,0,0,0,0,0,0,0,0,0,0
474,22.0,9.8375,0,0,1,0,0,0,0,0,0,0,0,0,0,0,0,0,1
476,34.0,21.0,0,1,0,1,1,0,0,0,0,0,0,0,0,0,0,0,1
477,29.0,7.0458,0,0,1,1,1,0,0,0,0,0,0,0,0,0,0,0,1
478,22.0,7.5208,0,0,1,1,0,0,0,0,0,0,0,0,0,0,0,0,1
479,2.0,12.2875,1,0,1,0,0,0,0,0,0,1,0,0,0,0,0,0,1
480,9.0,46.9,0,0,1,1,0,0,0,0,1,0,1,0,0,0,0,0,1
482,50.0,8.05,0,0,1,1,0,0,0,0,0,0,0,0,0,0,0,0,1
483,63.0,9.5875,1,0,1,0,0,0,0,0,0,0,0,0,0,0,0,0,1
484,25.0,91.0792,1,0,0,1,1,0,0,0,0,0,0,0,0,0,0,0,0
486,35.0,90.0,1,0,0,0,1,0,0,0,0,0,0,0,0,0,0,0,1
487,58.0,29.7,0,0,0,1,0,0,0,0,0,0,0,0,0,0,0,0,0
488,30.0,8.05,0,0,1,1,0,0,0,0,0,0,0,0,0,0,0,0,1
489,9.0,15.9,1,0,1,1,1,0,0,0,0,1,0,0,0,0,0,0,1
491,21.0,7.25,0,0,1,1,0,0,0,0,0,0,0,0,0,0,0,0,1
492,55.0,30.5,0,0,0,1,0,0,0,0,0,0,0,0,0,0,0,0,1
493,71.0,49.5042,0,0,0,1,0,0,0,0,0,0,0,0,0,0,0,0,0
494,21.0,8.05,0,0,1,1,0,0,0,0,0,0,0,0,0,0,0,0,1
496,54.0,78.2667,1,0,0,0,1,0,0,0,0,0,0,0,0,0,0,0,0
498,25.0,151.55,0,0,0,0,1,0,0,0,0,0,1,0,0,0,0,0,1
499,24.0,7.7958,0,0,1,1,0,0,0,0,0,0,0,0,0,0,0,0,1
500,17.0,8.6625,0,0,1,1,0,0,0,0,0,0,0,0,0,0,0,0,1
501,21.0,7.75,0,0,1,0,0,0,0,0,0,0,0,0,0,0,0,1,0
503,37.0,9.5875,0,0,1,0,0,0,0,0,0,0,0,0,0,0,0,0,1
504,16.0,86.5,1,0,0,0,0,0,0,0,0,0,0,0,0,0,0,0,1
505,18.0,108.9,0,0,0,1,1,0,0,0,0,0,0,0,0,0,0,0,0
506,33.0,26.0,1,1,0,0,0,0,0,0,0,0,1,0,0,0,0,0,1
508,28.0,22.525,0,0,1,1,0,0,0,0,0,0,0,0,0,0,0,0,1
509,26.0,56.4958,1,0,1,1,0,0,0,0,0,0,0,0,0,0,0,0,1
510,29.0,7.75,1,0,1,1,0,0,0,0,0,0,0,0,0,0,0,1,0
512,36.0,26.2875,1,0,0,1,0,0,0,0,0,0,0,0,0,0,0,0,1
513,54.0,59.4,1,0,0,0,1,0,0,0,0,0,0,0,0,0,0,0,0
514,24.0,7.4958,0,0,1,1,0,0,0,0,0,0,0,0,0,0,0,0,1
515,47.0,34.0208,0,0,0,1,0,0,0,0,0,0,0,0,0,0,0,0,1
516,34.0,10.5,1,1,0,0,0,0,0,0,0,0,0,0,0,0,0,0,1
518,36.0,26.0,1,1,0,0,1,0,0,0,0,0,0,0,0,0,0,0,1
519,32.0,7.8958,0,0,1,1,0,0,0,0,0,0,0,0,0,0,0,0,1
520,30.0,93.5,1,0,0,0,0,0,0,0,0,0,0,0,0,0,0,0,1
521,22.0,7.8958,0,0,1,1,0,0,0,0,0,0,0,0,0,0,0,0,1
523,44.0,57.9792,1,0,0,0,0,0,0,0,0,1,0,0,0,0,0,0,0
525,40.5,7.75,0,0,1,1,0,0,0,0,0,0,0,0,0,0,0,1,0
526,50.0,10.5,1,1,0,0,0,0,0,0,0,0,0,0,0,0,0,0,1
528,39.0,7.925,0,0,1,1,0,0,0,0,0,0,0,0,0,0,0,0,1
529,23.0,11.5,0,1,0,1,0,1,0,0,0,1,0,0,0,0,0,0,1
530,2.0,26.0,1,1,0,0,1,0,0,0,0,1,0,0,0,0,0,0,1
532,17.0,7.2292,0,0,1,1,1,0,0,0,0,1,0,0,0,0,0,0,0
534,30.0,8.6625,0,0,1,0,0,0,0,0,0,0,0,0,0,0,0,0,1
535,7.0,26.25,1,1,0,0,0,0,0,0,0,0,1,0,0,0,0,0,1
536,45.0,26.55,0,0,0,1,0,0,0,0,0,0,0,0,0,0,0,0,1
537,30.0,106.425,1,0,0,0,0,0,0,0,0,0,0,0,0,0,0,0,0
539,22.0,49.5,1,0,0,0,0,0,0,0,0,0,1,0,0,0,0,0,0
540,36.0,71.0,1,0,0,0,0,0,0,0,0,0,1,0,0,0,0,0,1
541,9.0,31.275,0,0,1,0,0,0,0,1,0,0,1,0,0,0,0,0,1
542,11.0,31.275,0,0,1,0,0,0,0,1,0,0,1,0,0,0,0,0,1
543,32.0,26.0,1,1,0,1,1,0,0,0,0,0,0,0,0,0,0,0,1
544,50.0,106.425,0,0,0,1,1,0,0,0,0,0,0,0,0,0,0,0,0
545,64.0,26.0,0,0,0,1,0,0,0,0,0,0,0,0,0,0,0,0,1
546,19.0,26.0,1,1,0,0,1,0,0,0,0,0,0,0,0,0,0,0,1
548,33.0,20.525,0,0,1,1,1,0,0,0,0,1,0,0,0,0,0,0,1
549,8.0,36.75,1,1,0,1,1,0,0,0,0,1,0,0,0,0,0,0,1
550,17.0,110.8833,1,0,0,1,0,0,0,0,0,0,1,0,0,0,0,0,0
551,27.0,26.0,0,1,0,1,0,0,0,0,0,0,0,0,0,0,0,0,1
553,22.0,7.225,1,0,1,1,0,0,0,0,0,0,0,0,0,0,0,0,0
554,22.0,7.775,1,0,1,0,0,0,0,0,0,0,0,0,0,0,0,0,1
555,62.0,26.55,0,0,0,1,0,0,0,0,0,0,0,0,0,0,0,0,1
556,48.0,39.6,1,0,0,0,1,0,0,0,0,0,0,0,0,0,0,0,0
558,39.0,79.65,1,0,0,0,1,0,0,0,0,1,0,0,0,0,0,0,1
559,36.0,17.4,1,0,1,0,1,0,0,0,0,0,0,0,0,0,0,0,1
561,40.0,7.8958,0,0,1,1,0,0,0,0,0,0,0,0,0,0,0,0,1
562,28.0,13.5,0,1,0,1,0,0,0,0,0,0,0,0,0,0,0,0,1
565,24.0,24.15,0,0,1,1,0,1,0,0,0,0,0,0,0,0,0,0,1
566,19.0,7.8958,0,0,1,1,0,0,0,0,0,0,0,0,0,0,0,0,1
567,29.0,21.075,0,0,1,0,0,0,0,0,0,0,0,0,1,0,0,0,1
569,32.0,7.8542,1,0,1,1,0,0,0,0,0,0,0,0,0,0,0,0,1
570,62.0,10.5,1,1,0,1,0,0,0,0,0,0,0,0,0,0,0,0,1
571,53.0,51.4792,1,0,0,0,0,1,0,0,0,0,0,0,0,0,0,0,1
572,36.0,26.3875,1,0,0,1,0,0,0,0,0,0,0,0,0,0,0,0,1
574,16.0,8.05,0,0,1,1,0,0,0,0,0,0,0,0,0,0,0,0,1
575,19.0,14.5,0,0,1,1,0,0,0,0,0,0,0,0,0,0,0,0,1
576,34.0,13.0,1,1,0,0,0,0,0,0,0,0,0,0,0,0,0,0,1
577,39.0,55.9,1,0,0,0,1,0,0,0,0,0,0,0,0,0,0,0,1
579,32.0,7.925,1,0,1,1,0,0,0,0,0,0,0,0,0,0,0,0,1
580,25.0,30.0,1,1,0,0,1,0,0,0,0,1,0,0,0,0,0,0,1
581,39.0,110.8833,1,0,0,0,1,0,0,0,0,1,0,0,0,0,0,0,0
582,54.0,26.0,0,1,0,1,0,0,0,0,0,0,0,0,0,0,0,0,1
583,36.0,40.125,0,0,0,1,0,0,0,0,0,0,0,0,0,0,0,0,0
585,18.0,79.65,1,0,0,0,0,0,0,0,0,0,1,0,0,0,0,0,1
586,47.0,15.0,0,1,0,1,0,0,0,0,0,0,0,0,0,0,0,0,1
587,60.0,79.2,1,0,0,1,1,0,0,0,0,1,0,0,0,0,0,0,0
588,22.0,8.05,0,0,1,1,0,0,0,0,0,0,0,0,0,0,0,0,1
590,35.0,7.125,0,0,1,1,0,0,0,0,0,0,0,0,0,0,0,0,1
591,52.0,78.2667,1,0,0,0,1,0,0,0,0,0,0,0,0,0,0,0,0
592,47.0,7.25,0,0,1,1,0,0,0,0,0,0,0,0,0,0,0,0,1
594,37.0,26.0,0,1,0,1,1,0,0,0,0,0,0,0,0,0,0,0,1
595,36.0,24.15,0,0,1,1,1,0,0,0,0,1,0,0,0,0,0,0,1
597,49.0,0.0,0,0,1,1,0,0,0,0,0,0,0,0,0,0,0,0,1
599,49.0,56.9292,1,0,0,1,1,0,0,0,0,0,0,0,0,0,0,0,0
600,24.0,27.0,1,1,0,0,0,1,0,0,0,1,0,0,0,0,0,0,1
603,44.0,8.05,0,0,1,1,0,0,0,0,0,0,0,0,0,0,0,0,1
604,35.0,26.55,1,0,0,1,0,0,0,0,0,0,0,0,0,0,0,0,0
605,36.0,15.55,0,0,1,1,1,0,0,0,0,0,0,0,0,0,0,0,1
606,30.0,7.8958,0,0,1,1,0,0,0,0,0,0,0,0,0,0,0,0,1
607,27.0,30.5,1,0,0,1,0,0,0,0,0,0,0,0,0,0,0,0,1
608,22.0,41.5792,1,1,0,0,1,0,0,0,0,0,1,0,0,0,0,0,0
609,40.0,153.4625,1,0,0,0,0,0,0,0,0,0,0,0,0,0,0,0,1
610,39.0,31.275,0,0,1,0,1,0,0,0,0,0,0,0,0,1,0,0,1
614,35.0,8.05,0,0,1,1,0,0,0,0,0,0,0,0,0,0,0,0,1
615,24.0,65.0,1,1,0,0,1,0,0,0,0,0,1,0,0,0,0,0,1
616,34.0,14.4,0,0,1,1,1,0,0,0,0,1,0,0,0,0,0,0,1
617,26.0,16.1,0,0,1,0,1,0,0,0,0,0,0,0,0,0,0,0,1
618,4.0,39.0,1,1,0,0,0,1,0,0,0,1,0,0,0,0,0,0,1
619,26.0,10.5,0,1,0,1,0,0,0,0,0,0,0,0,0,0,0,0,1
620,27.0,14.4542,0,0,1,1,1,0,0,0,0,0,0,0,0,0,0,0,0
621,42.0,52.5542,1,0,0,1,1,0,0,0,0,0,0,0,0,0,0,0,1
622,20.0,15.7417,1,0,1,1,1,0,0,0,0,1,0,0,0,0,0,0,0
623,21.0,7.8542,0,0,1,1,0,0,0,0,0,0,0,0,0,0,0,0,1
624,21.0,16.1,0,0,1,1,0,0,0,0,0,0,0,0,0,0,0,0,1
625,61.0,32.3208,0,0,0,1,0,0,0,0,0,0,0,0,0,0,0,0,1
626,57.0,12.35,0,1,0,1,0,0,0,0,0,0,0,0,0,0,0,1,0
627,21.0,77.9583,1,0,0,0,0,0,0,0,0,0,0,0,0,0,0,0,1
628,26.0,7.8958,0,0,1,1,0,0,0,0,0,0,0,0,0,0,0,0,1
630,80.0,30.0,1,0,0,1,0,0,0,0,0,0,0,0,0,0,0,0,1
631,51.0,7.0542,0,0,1,1,0,0,0,0,0,0,0,0,0,0,0,0,1
632,32.0,30.5,1,0,0,1,0,0,0,0,0,0,0,0,0,0,0,0,0
634,9.0,27.9,0,0,1,0,0,0,1,0,0,0,1,0,0,0,0,0,1
635,28.0,13.0,1,1,0,0,0,0,0,0,0,0,0,0,0,0,0,0,1
636,32.0,7.925,0,0,1,1,0,0,0,0,0,0,0,0,0,0,0,0,1
637,31.0,26.25,0,1,0,1,1,0,0,0,0,1,0,0,0,0,0,0,1
638,41.0,39.6875,0,0,1,0,0,0,0,0,0,0,0,0,0,1,0,0,1
640,20.0,7.8542,0,0,1,1,0,0,0,0,0,0,0,0,0,0,0,0,1
641,24.0,69.3,1,0,0,0,0,0,0,0,0,0,0,0,0,0,0,0,0
642,2.0,27.9,0,0,1,0,0,0,1,0,0,0,1,0,0,0,0,0,1
644,0.75,19.2583,1,0,1,0,0,1,0,0,0,1,0,0,0,0,0,0,0
645,48.0,76.7292,1,0,0,1,1,0,0,0,0,0,0,0,0,0,0,0,0
646,19.0,7.8958,0,0,1,1,0,0,0,0,0,0,0,0,0,0,0,0,1
647,56.0,35.5,1,0,0,1,0,0,0,0,0,0,0,0,0,0,0,0,0
649,23.0,7.55,1,0,1,0,0,0,0,0,0,0,0,0,0,0,0,0,1
651,18.0,23.0,1,1,0,0,0,0,0,0,0,1,0,0,0,0,0,0,1
652,21.0,8.4333,0,0,1,1,0,0,0,0,0,0,0,0,0,0,0,0,1
654,18.0,6.75,0,0,1,0,0,0,0,0,0,0,0,0,0,0,0,1,0
655,24.0,73.5,0,1,0,1,0,1,0,0,0,0,0,0,0,0,0,0,1
657,32.0,15.5,0,0,1,0,1,0,0,0,0,1,0,0,0,0,0,1,0
658,23.0,13.0,0,1,0,1,0,0,0,0,0,0,0,0,0,0,0,0,1
659,58.0,113.275,0,0,0,1,0,0,0,0,0,0,1,0,0,0,0,0,0
660,50.0,133.65,1,0,0,1,0,1,0,0,0,0,0,0,0,0,0,0,1
661,40.0,7.225,0,0,1,1,0,0,0,0,0,0,0,0,0,0,0,0,0
662,47.0,25.5875,0,0,0,1,0,0,0,0,0,0,0,0,0,0,0,0,1
663,36.0,7.4958,0,0,1,1,0,0,0,0,0,0,0,0,0,0,0,0,1
664,20.0,7.925,1,0,1,1,1,0,0,0,0,0,0,0,0,0,0,0,1
665,32.0,73.5,0,1,0,1,0,1,0,0,0,0,0,0,0,0,0,0,1
666,25.0,13.0,0,1,0,1,0,0,0,0,0,0,0,0,0,0,0,0,1
668,43.0,8.05,0,0,1,1,0,0,0,0,0,0,0,0,0,0,0,0,1
670,40.0,39.0,1,1,0,0,1,0,0,0,0,1,0,0,0,0,0,0,1
671,31.0,52.0,0,0,0,1,1,0,0,0,0,0,0,0,0,0,0,0,1
672,70.0,10.5,0,1,0,1,0,0,0,0,0,0,0,0,0,0,0,0,1
673,31.0,13.0,1,1,0,1,0,0,0,0,0,0,0,0,0,0,0,0,1
675,18.0,7.775,0,0,1,1,0,0,0,0,0,0,0,0,0,0,0,0,1
676,24.5,8.05,0,0,1,1,0,0,0,0,0,0,0,0,0,0,0,0,1
677,18.0,9.8417,1,0,1,0,0,0,0,0,0,0,0,0,0,0,0,0,1
678,43.0,46.9,0,0,1,0,1,0,0,0,0,0,0,0,0,0,1,0,1
679,36.0,512.3292,1,0,0,1,0,0,0,0,0,1,0,0,0,0,0,0,0
681,27.0,76.7292,1,0,0,1,0,0,0,0,0,0,0,0,0,0,0,0,0
682,20.0,9.225,0,0,1,1,0,0,0,0,0,0,0,0,0,0,0,0,1
683,14.0,46.9,0,0,1,1,0,0,0,0,1,0,1,0,0,0,0,0,1
684,60.0,39.0,0,1,0,1,1,0,0,0,0,1,0,0,0,0,0,0,1
685,25.0,41.5792,0,1,0,1,1,0,0,0,0,0,1,0,0,0,0,0,0
686,14.0,39.6875,0,0,1,1,0,0,0,1,0,1,0,0,0,0,0,0,1
687,19.0,10.1708,0,0,1,1,0,0,0,0,0,0,0,0,0,0,0,0,1
688,18.0,7.7958,0,0,1,1,0,0,0,0,0,0,0,0,0,0,0,0,1
689,15.0,211.3375,1,0,0,0,0,0,0,0,0,1,0,0,0,0,0,0,1
690,31.0,57.0,1,0,0,1,1,0,0,0,0,0,0,0,0,0,0,0,1
691,4.0,13.4167,1,0,1,0,0,0,0,0,0,1,0,0,0,0,0,0,0
693,25.0,7.225,0,0,1,1,0,0,0,0,0,0,0,0,0,0,0,0,0
694,60.0,26.55,0,0,0,1,0,0,0,0,0,0,0,0,0,0,0,0,1
695,52.0,13.5,0,1,0,1,0,0,0,0,0,0,0,0,0,0,0,0,1
696,44.0,8.05,0,0,1,1,0,0,0,0,0,0,0,0,0,0,0,0,1
698,49.0,110.8833,0,0,0,1,1,0,0,0,0,1,0,0,0,0,0,0,0
699,42.0,7.65,0,0,1,1,0,0,0,0,0,0,0,0,0,0,0,0,1
700,18.0,227.525,1,0,0,0,1,0,0,0,0,0,0,0,0,0,0,0,0
701,35.0,26.2875,1,0,0,1,0,0,0,0,0,0,0,0,0,0,0,0,1
702,18.0,14.4542,0,0,1,0,0,0,0,0,0,1,0,0,0,0,0,0,0
703,25.0,7.7417,0,0,1,1,0,0,0,0,0,0,0,0,0,0,0,1,0
704,26.0,7.8542,0,0,1,1,1,0,0,0,0,0,0,0,0,0,0,0,1
705,39.0,26.0,0,1,0,1,0,0,0,0,0,0,0,0,0,0,0,0,1
706,45.0,13.5,1,1,0,0,0,0,0,0,0,0,0,0,0,0,0,0,1
707,42.0,26.2875,1,0,0,1,0,0,0,0,0,0,0,0,0,0,0,0,1
708,22.0,151.55,1,0,0,0,0,0,0,0,0,0,0,0,0,0,0,0,1
710,24.0,49.5042,1,0,0,0,0,0,0,0,0,0,0,0,0,0,0,0,0
712,48.0,52.0,1,0,0,1,1,0,0,0,0,0,0,0,0,0,0,0,1
713,29.0,9.4833,0,0,1,1,0,0,0,0,0,0,0,0,0,0,0,0,1
714,52.0,13.0,0,1,0,1,0,0,0,0,0,0,0,0,0,0,0,0,1
715,19.0,7.65,0,0,1,1,0,0,0,0,0,0,0,0,0,0,0,0,1
716,38.0,227.525,1,0,0,0,0,0,0,0,0,0,0,0,0,0,0,0,0
717,27.0,10.5,1,1,0,0,0,0,0,0,0,0,0,0,0,0,0,0,1
719,33.0,7.775,0,0,1,1,0,0,0,0,0,0,0,0,0,0,0,0,1
720,6.0,33.0,1,1,0,0,0,0,0,0,0,1,0,0,0,0,0,0,1
721,17.0,7.0542,0,0,1,1,1,0,0,0,0,0,0,0,0,0,0,0,1
722,34.0,13.0,0,1,0,1,0,0,0,0,0,0,0,0,0,0,0,0,1
723,50.0,13.0,0,1,0,1,0,0,0,0,0,0,0,0,0,0,0,0,1
724,27.0,53.1,1,0,0,1,1,0,0,0,0,0,0,0,0,0,0,0,1
725,20.0,8.6625,0,0,1,1,0,0,0,0,0,0,0,0,0,0,0,0,1
726,30.0,21.0,1,1,0,0,0,0,1,0,0,0,0,0,0,0,0,0,1
728,25.0,26.0,0,1,0,1,1,0,0,0,0,0,0,0,0,0,0,0,1
729,25.0,7.925,0,0,1,0,1,0,0,0,0,0,0,0,0,0,0,0,1
730,29.0,211.3375,1,0,0,0,0,0,0,0,0,0,0,0,0,0,0,0,1
731,11.0,18.7875,0,0,1,1,0,0,0,0,0,0,0,0,0,0,0,0,0
733,23.0,13.0,0,1,0,1,0,0,0,0,0,0,0,0,0,0,0,0,1
734,23.0,13.0,0,1,0,1,0,0,0,0,0,0,0,0,0,0,0,0,1
735,28.5,16.1,0,0,1,1,0,0,0,0,0,0,0,0,0,0,0,0,1
736,48.0,34.375,0,0,1,0,1,0,0,0,0,0,0,1,0,0,0,0,1
737,35.0,512.3292,1,0,0,1,0,0,0,0,0,0,0,0,0,0,0,0,0
741,36.0,78.85,0,0,0,1,1,0,0,0,0,0,0,0,0,0,0,0,1
742,21.0,262.375,1,0,0,0,0,1,0,0,0,0,1,0,0,0,0,0,0
743,24.0,16.1,0,0,1,1,1,0,0,0,0,0,0,0,0,0,0,0,1
744,31.0,7.925,1,0,1,1,0,0,0,0,0,0,0,0,0,0,0,0,1
745,70.0,71.0,0,0,0,1,1,0,0,0,0,1,0,0,0,0,0,0,1
746,16.0,20.25,0,0,1,1,1,0,0,0,0,1,0,0,0,0,0,0,1
747,30.0,13.0,1,1,0,0,0,0,0,0,0,0,0,0,0,0,0,0,1
748,19.0,53.1,0,0,0,1,1,0,0,0,0,0,0,0,0,0,0,0,1
749,31.0,7.75,0,0,1,1,0,0,0,0,0,0,0,0,0,0,0,1,0
750,4.0,23.0,1,1,0,0,1,0,0,0,0,1,0,0,0,0,0,0,1
751,6.0,12.475,1,0,1,1,0,0,0,0,0,1,0,0,0,0,0,0,1
752,33.0,9.5,0,0,1,1,0,0,0,0,0,0,0,0,0,0,0,0,1
753,23.0,7.8958,0,0,1,1,0,0,0,0,0,0,0,0,0,0,0,0,1
754,48.0,65.0,1,1,0,0,1,0,0,0,0,0,1,0,0,0,0,0,1
755,0.67,14.5,1,1,0,1,1,0,0,0,0,1,0,0,0,0,0,0,1
756,28.0,7.7958,0,0,1,1,0,0,0,0,0,0,0,0,0,0,0,0,1
757,18.0,11.5,0,1,0,1,0,0,0,0,0,0,0,0,0,0,0,0,1
758,34.0,8.05,0,0,1,1,0,0,0,0,0,0,0,0,0,0,0,0,1
759,33.0,86.5,1,0,0,0,0,0,0,0,0,0,0,0,0,0,0,0,1
761,41.0,7.125,0,0,1,1,0,0,0,0,0,0,0,0,0,0,0,0,1
762,20.0,7.2292,1,0,1,1,0,0,0,0,0,0,0,0,0,0,0,0,0
763,36.0,120.0,1,0,0,0,1,0,0,0,0,0,1,0,0,0,0,0,1
764,16.0,7.775,0,0,1,1,0,0,0,0,0,0,0,0,0,0,0,0,1
765,51.0,77.9583,1,0,0,0,1,0,0,0,0,0,0,0,0,0,0,0,1
767,30.5,7.75,0,0,1,0,0,0,0,0,0,0,0,0,0,0,0,1,0
769,32.0,8.3625,0,0,1,1,0,0,0,0,0,0,0,0,0,0,0,0,1
770,24.0,9.5,0,0,1,1,0,0,0,0,0,0,0,0,0,0,0,0,1
771,48.0,7.8542,0,0,1,1,0,0,0,0,0,0,0,0,0,0,0,0,1
772,57.0,10.5,0,1,0,0,0,0,0,0,0,0,0,0,0,0,0,0,1
774,54.0,23.0,1,1,0,0,1,0,0,0,0,0,0,1,0,0,0,0,1
775,18.0,7.75,0,0,1,1,0,0,0,0,0,0,0,0,0,0,0,0,1
777,5.0,12.475,1,0,1,0,0,0,0,0,0,0,0,0,0,0,0,0,1
779,43.0,211.3375,1,0,0,0,0,0,0,0,0,1,0,0,0,0,0,0,1
780,13.0,7.2292,1,0,1,0,0,0,0,0,0,0,0,0,0,0,0,0,0
781,17.0,57.0,1,0,0,0,1,0,0,0,0,0,0,0,0,0,0,0,1
782,29.0,30.0,0,0,0,1,0,0,0,0,0,0,0,0,0,0,0,0,1
784,25.0,7.05,0,0,1,1,0,0,0,0,0,0,0,0,0,0,0,0,1
785,25.0,7.25,0,0,1,1,0,0,0,0,0,0,0,0,0,0,0,0,1
786,18.0,7.4958,1,0,1,0,0,0,0,0,0,0,0,0,0,0,0,0,1
787,8.0,29.125,0,0,1,1,0,0,0,1,0,1,0,0,0,0,0,1,0
788,1.0,20.575,1,0,1,1,1,0,0,0,0,0,1,0,0,0,0,0,1
789,46.0,79.2,0,0,0,1,0,0,0,0,0,0,0,0,0,0,0,0,0
791,16.0,26.0,0,1,0,1,0,0,0,0,0,0,0,0,0,0,0,0,1
794,25.0,7.8958,0,0,1,1,0,0,0,0,0,0,0,0,0,0,0,0,1
795,39.0,13.0,0,1,0,1,0,0,0,0,0,0,0,0,0,0,0,0,1
796,49.0,25.9292,1,0,0,0,0,0,0,0,0,0,0,0,0,0,0,0,1
797,31.0,8.6833,1,0,1,0,0,0,0,0,0,0,0,0,0,0,0,0,1
798,30.0,7.2292,0,0,1,1,0,0,0,0,0,0,0,0,0,0,0,0,0
799,30.0,24.15,0,0,1,0,1,0,0,0,0,1,0,0,0,0,0,0,1
800,34.0,13.0,0,1,0,1,0,0,0,0,0,0,0,0,0,0,0,0,1
801,31.0,26.25,1,1,0,0,1,0,0,0,0,1,0,0,0,0,0,0,1
802,11.0,120.0,1,0,0,1,1,0,0,0,0,0,1,0,0,0,0,0,1
803,0.42,8.5167,1,0,1,1,0,0,0,0,0,1,0,0,0,0,0,0,0
804,27.0,6.975,1,0,1,1,0,0,0,0,0,0,0,0,0,0,0,0,1
805,31.0,7.775,0,0,1,1,0,0,0,0,0,0,0,0,0,0,0,0,1
806,39.0,0.0,0,0,0,1,0,0,0,0,0,0,0,0,0,0,0,0,1
807,18.0,7.775,0,0,1,0,0,0,0,0,0,0,0,0,0,0,0,0,1
808,39.0,13.0,0,1,0,1,0,0,0,0,0,0,0,0,0,0,0,0,1
809,33.0,53.1,1,0,0,0,1,0,0,0,0,0,0,0,0,0,0,0,1
810,26.0,7.8875,0,0,1,1,0,0,0,0,0,0,0,0,0,0,0,0,1
811,39.0,24.15,0,0,1,1,0,0,0,0,0,0,0,0,0,0,0,0,1
812,35.0,10.5,0,1,0,1,0,0,0,0,0,0,0,0,0,0,0,0,1
813,6.0,31.275,0,0,1,0,0,0,0,1,0,0,1,0,0,0,0,0,1
814,30.5,8.05,0,0,1,1,0,0,0,0,0,0,0,0,0,0,0,0,1
816,23.0,7.925,0,0,1,0,0,0,0,0,0,0,0,0,0,0,0,0,1
817,31.0,37.0042,0,1,0,1,1,0,0,0,0,1,0,0,0,0,0,0,0
818,43.0,6.45,0,0,1,1,0,0,0,0,0,0,0,0,0,0,0,0,1
819,10.0,27.9,0,0,1,1,0,0,1,0,0,0,1,0,0,0,0,0,1
820,52.0,93.5,1,0,0,0,1,0,0,0,0,1,0,0,0,0,0,0,1
821,27.0,8.6625,1,0,1,1,0,0,0,0,0,0,0,0,0,0,0,0,1
822,38.0,0.0,0,0,0,1,0,0,0,0,0,0,0,0,0,0,0,0,1
823,27.0,12.475,1,0,1,0,0,0,0,0,0,1,0,0,0,0,0,0,1
824,2.0,39.6875,0,0,1,1,0,0,0,1,0,1,0,0,0,0,0,0,1
827,1.0,37.0042,1,1,0,1,0,0,0,0,0,0,1,0,0,0,0,0,0
830,15.0,14.4542,1,0,1,0,1,0,0,0,0,0,0,0,0,0,0,0,0
831,0.83,18.75,1,1,0,1,1,0,0,0,0,1,0,0,0,0,0,0,1
833,23.0,7.8542,0,0,1,1,0,0,0,0,0,0,0,0,0,0,0,0,1
834,18.0,8.3,0,0,1,1,0,0,0,0,0,0,0,0,0,0,0,0,1
835,39.0,83.1583,1,0,0,0,1,0,0,0,0,1,0,0,0,0,0,0,0
836,21.0,8.6625,0,0,1,1,0,0,0,0,0,0,0,0,0,0,0,0,1
838,32.0,56.4958,1,0,1,1,0,0,0,0,0,0,0,0,0,0,0,0,1
840,20.0,7.925,0,0,1,1,0,0,0,0,0,0,0,0,0,0,0,0,1
841,16.0,10.5,0,1,0,1,0,0,0,0,0,0,0,0,0,0,0,0,1
842,30.0,31.0,1,0,0,0,0,0,0,0,0,0,0,0,0,0,0,0,0
843,34.5,6.4375,0,0,1,1,0,0,0,0,0,0,0,0,0,0,0,0,0
844,17.0,8.6625,0,0,1,1,0,0,0,0,0,0,0,0,0,0,0,0,1
845,42.0,7.55,0,0,1,1,0,0,0,0,0,0,0,0,0,0,0,0,1
847,35.0,7.8958,0,0,1,1,0,0,0,0,0,0,0,0,0,0,0,0,0
848,28.0,33.0,0,1,0,1,0,0,0,0,0,1,0,0,0,0,0,0,1
850,4.0,31.275,0,0,1,1,0,0,0,1,0,0,1,0,0,0,0,0,1
851,74.0,7.775,0,0,1,1,0,0,0,0,0,0,0,0,0,0,0,0,1
852,9.0,15.2458,0,0,1,0,1,0,0,0,0,1,0,0,0,0,0,0,0
853,16.0,39.4,1,0,0,0,0,0,0,0,0,1,0,0,0,0,0,0,1
854,44.0,26.0,0,1,0,0,1,0,0,0,0,0,0,0,0,0,0,0,1
855,18.0,9.35,1,0,1,0,0,0,0,0,0,1,0,0,0,0,0,0,1
856,45.0,164.8667,1,0,0,0,1,0,0,0,0,1,0,0,0,0,0,0,1
857,51.0,26.55,1,0,0,1,0,0,0,0,0,0,0,0,0,0,0,0,1
858,24.0,19.2583,1,0,1,0,0,0,0,0,0,0,0,1,0,0,0,0,0
860,41.0,14.1083,0,0,1,1,0,1,0,0,0,0,0,0,0,0,0,0,1
861,21.0,11.5,0,1,0,1,1,0,0,0,0,0,0,0,0,0,0,0,1
862,48.0,25.9292,1,0,0,0,0,0,0,0,0,0,0,0,0,0,0,0,1
864,24.0,13.0,0,1,0,1,0,0,0,0,0,0,0,0,0,0,0,0,1
865,42.0,13.0,1,1,0,0,0,0,0,0,0,0,0,0,0,0,0,0,1
866,27.0,13.8583,1,1,0,0,1,0,0,0,0,0,0,0,0,0,0,0,0
867,31.0,50.4958,0,0,0,1,0,0,0,0,0,0,0,0,0,0,0,0,1
869,4.0,11.1333,1,0,1,1,1,0,0,0,0,1,0,0,0,0,0,0,1
870,26.0,7.8958,0,0,1,1,0,0,0,0,0,0,0,0,0,0,0,0,1
871,47.0,52.5542,1,0,0,0,1,0,0,0,0,1,0,0,0,0,0,0,1
872,33.0,5.0,0,0,0,1,0,0,0,0,0,0,0,0,0,0,0,0,1
873,47.0,9.0,0,0,1,1,0,0,0,0,0,0,0,0,0,0,0,0,1
874,28.0,24.0,1,1,0,0,1,0,0,0,0,0,0,0,0,0,0,0,0
875,15.0,7.225,1,0,1,0,0,0,0,0,0,0,0,0,0,0,0,0,0
876,20.0,9.8458,0,0,1,1,0,0,0,0,0,0,0,0,0,0,0,0,1
877,19.0,7.8958,0,0,1,1,0,0,0,0,0,0,0,0,0,0,0,0,1
879,56.0,83.1583,1,0,0,0,0,0,0,0,0,1,0,0,0,0,0,0,0
880,25.0,26.0,1,1,0,0,0,0,0,0,0,1,0,0,0,0,0,0,1
881,33.0,7.8958,0,0,1,1,0,0,0,0,0,0,0,0,0,0,0,0,1
882,22.0,10.5167,0,0,1,0,0,0,0,0,0,0,0,0,0,0,0,0,1
883,28.0,10.5,0,1,0,1,0,0,0,0,0,0,0,0,0,0,0,0,1
884,25.0,7.05,0,0,1,1,0,0,0,0,0,0,0,0,0,0,0,0,1
885,39.0,29.125,0,0,1,0,0,0,0,0,0,0,0,0,0,1,0,1,0
886,27.0,13.0,0,1,0,1,0,0,0,0,0,0,0,0,0,0,0,0,1
887,19.0,30.0,1,0,0,0,0,0,0,0,0,0,0,0,0,0,0,0,1
889,26.0,30.0,1,0,0,1,0,0,0,0,0,0,0,0,0,0,0,0,0
890,32.0,7.75,0,0,1,1,0,0,0,0,0,0,0,0,0,0,0,1,0
