,feature1,feature2,price
0,999.7875575188533,999.7660961983588,461.5279293935809
1,998.8616149123676,1001.0424031538955,548.1300114599096
2,1000.0702669091073,998.8440146285707,410.2971616727477
3,999.9522512998312,1000.4409403097619,540.3822198140741
4,1000.4460109349071,1000.3385312934137,546.0245529164562
5,999.693183680952,1000.6280062225203,542.9836715980255
6,1000.2758550559213,1000.444949437216,555.4856641557159
7,1000.414204534198,998.8784862396268,417.569724534508
8,1000.0166064839841,998.475996714074,373.14653121679606
9,999.9056456127553,1001.5944813896193,633.3502924774541
10,1002.0999754232564,1000.4889149679747,624.247092064156
11,1000.2308192953343,999.5639425977988,475.3724172064315
12,999.7043113938887,1001.3861565774105,600.3684448550832
13,1000.7715755888736,999.939106918522,532.8329517531154
14,999.3229434497522,1000.055359565865,472.8353627974771
15,1000.3794028860226,999.8292801841648,506.3122909648117
16,998.5131313474504,1000.7177563029114,508.4144059952209
17,1001.401115475032,1000.4865928693204,610.4553519022312
18,999.6872831681927,998.1774564383384,323.65776197680174
19,1001.254834008036,998.7724224980917,446.2123038899063
20,998.8064520621443,998.9567829125324,362.1227029921573
21,1000.0030487422692,999.1431146145877,433.41064026006165
22,1002.1074940808264,999.777492627623,562.0025764698489
23,1001.1589761399993,1001.0779914137092,637.3096207432424
24,999.4912284357132,1000.5451767964876,522.808007536568
25,1000.4318800074147,999.4286018544503,469.80282429759
26,1000.1318692016968,1000.4094220705873,543.1099277810902
27,999.3470969105801,1001.0191945956328,565.434169937479
28,1000.2244304219928,1000.276173558712,530.0328538065396
29,1000.8071350954357,1000.8427064981222,610.5801650305415
30,999.6517091506616,1000.0600105123546,482.5564118848851
31,1000.1133067451557,997.9761287454477,327.56004052215735
32,999.9240058305924,1000.9257261238847,579.7308387221567
33,999.666962694923,999.7039946779147,448.4298146790867
34,1000.7282142369336,1001.1104617548068,628.9770918674018
35,1001.4552170319088,999.7651197891017,536.7973721638597
36,1000.4824719686827,1000.51681866568,570.0672954330697
37,998.5105326770024,999.0307696293589,357.82557518578705
38,1001.813058340374,1000.3940316201378,612.0849273173208
39,998.7935419254767,999.9086070971204,444.6797084597428
40,999.5403585817439,1001.2346066869844,600.1186364029229
41,999.246727575384,1000.6760651308953,523.5331277555823
42,998.675374143725,1000.7624611590387,512.949944948852
43,1001.5342689799347,1000.5537843911585,614.8813168955377
44,999.425448016052,999.1979887733896,404.353032511081
45,998.9991530762936,1002.0561547012248,643.6885180735171
46,1000.0761373323959,999.7775334696613,488.95660397754784
47,1000.9819298254256,998.9601219675883,443.2046857171032
48,1000.063324619991,1000.1629874166696,514.4790663755915
49,1001.3015785867116,999.5432240746844,514.8817405773764
50,999.8625557670354,998.0624364132667,325.05852216633303
51,1001.8386075014163,999.8305875876463,554.6620585042019
52,999.0579635220872,999.8880030172301,451.39140000665856
53,1000.7532695473732,1000.5575821758333,587.6788772559203
54,1000.3443378203087,999.5603603213234,477.7374972127375
55,1002.024018976604,999.919989276386,574.5156068712287
56,999.4084948838406,1000.8667166539025,548.9107990956151
57,1000.1495094873793,1000.3242664142662,528.6908835586818
58,1000.9022585240303,998.9526003607665,443.2110048179092
59,997.8444536884357,999.7955265119213,397.88209319073707
60,1000.2749924341009,998.1414105875398,355.79535223258415
61,999.0544773028096,1000.0516349629488,460.69478137739736
62,999.8703102989117,1000.4973788586644,534.7673736990871
63,1000.5942391075349,1000.1454019541457,537.6067329045089
64,1000.7005733129672,1000.8749635944192,603.6699034695841
65,999.6680108058104,1000.7293107282777,547.2757915319635
66,1000.7582472143083,1000.4204360396924,567.3086215314689
67,999.255154095728,999.8739711574083,454.32901321420496
68,999.9385439675772,999.9416331890027,492.6045144721288
69,999.941499511516,1001.6638686956676,643.1359317769884
70,999.8485752871987,999.8976686137089,477.43051629936485
71,1001.0567669597597,999.4479409691502,497.41251837017546
72,1001.029236892782,1000.2650405569652,559.0437853350255
73,999.7383889266667,1000.9878624247883,576.6784383687008
74,998.2459397060713,998.4973934671648,292.1917811049085
75,1000.2833131217798,1000.3786678044223,542.9953999614753
76,1001.9690229456387,999.6666087950067,547.7319823874159
77,1001.0118892985856,999.612155214119,507.43439141143006
78,1000.6133364100493,998.7117783061932,408.12200074037287
79,999.8728178466799,1001.0765682824764,595.4334856131899
80,999.5566833516724,999.8619823511074,463.35520359809937
81,999.2115239850638,1000.0221895472947,468.35698045143164
82,999.4469815786088,999.8683983705248,462.0048018889012
83,1000.3940515507193,998.7720951702568,410.3591240728469
84,1000.2339280941104,999.4585837757062,467.46059552159005
85,999.9896921110153,999.960892380719,497.2397861315607
86,999.5202044464506,999.2907577599857,411.6379446392417
87,1001.1146295568947,1000.5578097372914,583.0659840897691
88,1000.111218901029,999.2335257031708,441.9503669068689
89,999.542001654476,1000.6433087772805,536.0409091513951
90,1000.1984505335923,1000.2159845582814,530.9871743876214
91,1000.0302272769277,998.4239214708203,364.50842093203966
92,1000.8399645627256,1000.96872538949,626.0686516896824
93,999.8440408847702,999.3967720603853,434.62971003006857
94,1001.2754521106824,999.7036526953523,523.0234419809311
95,1000.2988822763251,999.7656303307449,484.10880902261175
96,1000.1032294882576,999.015290244293,411.5756070330458
97,1000.9030942332539,1002.09059149754,722.2639443310222
98,998.3333395675096,1000.972026055466,519.4629917650527
99,999.8015470430299,1000.7287636440481,558.5032104812539
100,1000.854236398925,999.9105208116564,526.2429778194082
101,999.9109988739783,1000.4094130716576,531.277546867594
102,1000.5569024698367,999.3544170556813,470.89067006637083
103,999.3711269226512,999.8305240783644,459.9249453763113
104,1000.6400670235582,1000.5855656608388,577.5829850114998
105,999.8470522638423,1001.1929036208168,599.9057313773181
106,1000.22655641551,1000.8262030797173,584.9284375629157
107,999.5234410681787,998.6515692193643,357.34223390891367
108,998.7342754954276,999.3786877649687,392.04726870632004
109,999.2308824456668,1000.5635815330523,515.7784459657248
110,999.6317505761031,998.9564191907778,390.20923679664014
111,999.5076709332628,1000.1093275675073,497.4914823945552
112,1000.1048997186944,999.9978502306636,506.7403250925609
113,1000.7001404176036,998.6023487191997,395.51477512259936
114,998.8347907722496,997.5871167813008,239.65626376379964
115,999.5753065480119,1000.2971716782486,507.60529429531715
116,1001.1259431933963,1000.9551343139636,628.8494043731678
117,1000.3504536184357,999.4753519284493,468.0732468761311
118,999.8310581784916,999.4927513677052,444.9447338982071
119,1000.2550633209337,1000.1631823534314,527.3171959571247
120,998.0990081935828,999.9020603897474,415.44298463184975
121,1000.7908273472093,998.1214371266077,363.43037910250564
122,999.5714735992696,1001.2979200719208,591.8690919523218
123,999.8195315649316,998.9070808006087,391.1246665610285
124,1000.597062814846,1000.0026765680084,526.1019195960952
125,998.222203600612,999.6273333293227,402.0095959527118
126,1001.2712576469576,1000.1579084532707,563.6778173748048
127,998.3097789964572,999.2808868756453,362.2401834624175
128,1000.9733449412973,999.7052392397113,514.3134986935311
129,997.9681200276044,999.009851784984,322.3143519655322
130,999.9057109898982,1000.1702286542267,513.5197319995317
131,1000.4055403859497,998.0812781355376,340.05814211570635
132,999.0180910263232,1001.113262595689,560.7947177823255
133,999.0461965946272,1000.4019180574707,489.7945978379802
134,999.0726456205012,999.0470901122701,381.0736788052949
135,999.4985940673366,1000.8654997933667,558.3493927897489
136,1000.5680009166788,999.1541684561839,451.80417239895064
137,1001.0713979151019,998.8885109601988,451.7914013389133
138,998.5647247774084,999.8786532728392,442.172027859528
139,999.9418435743589,999.861749871003,488.7869177427834
140,1000.292604563503,999.1114137960055,433.0937695606945
141,999.5800505132946,1000.4313542745674,518.0070965780235
142,1000.1154837933869,1000.0672862247467,511.6945465433186
143,997.2576222349628,999.3205747193982,334.89459621545365
144,1000.3940625193403,999.7071924454165,490.78489309260766
145,999.8540903537993,1000.09736758765,510.46356566676286
146,1000.7630442250752,1000.3416193106441,565.0254089166356
147,1000.3996130629307,1000.282716484042,542.3014050784392
148,999.2263647434236,1002.0300656339932,655.4261980567372
149,997.964100638909,1000.2415326800447,433.51753016010537
150,997.1439009593956,999.8076721238414,373.06190747893777
151,999.5008804666637,1000.3959068810698,517.3219999764311
152,1001.2669806993042,1000.7216554066928,609.9695553559047
153,998.4372626142728,999.5987880424888,401.28033697606713
154,1000.671364785388,1000.1756914054666,540.7438188593637
155,998.9044637158603,999.4918912857187,410.53824962836654
156,1000.3708107939785,999.1607168768545,441.7417973978801
157,998.0822159193332,1000.1898220023528,448.7013865381404
158,998.1010403722294,999.4188002544157,377.570426071083
159,1000.1588590116617,999.4560190237372,450.85178617636
160,1000.4271255336054,1001.9764748846325,695.0806435129189
161,1001.4189893437276,999.9052178313427,548.9485124900032
162,999.7042389657812,999.9872332595024,479.7088766090232
163,1000.4902137521117,997.9974461739453,345.0118199212042
164,999.1020792472432,1001.2084243363302,576.8525516722201
165,1000.925944404718,997.7883908880642,337.95129475852843
166,999.3720607753007,999.9054050105342,466.8394785961298
167,999.2121010361734,999.550944860594,429.91541294796457
168,998.7041887131767,1001.3370924477181,567.8818928320968
169,998.9685854160804,999.5992828611506,422.7785260527181
170,1000.9453409903414,1000.3669726320751,559.7847254049152
171,1000.4145976653715,999.8485481361763,503.75687251157274
172,998.9679268580348,998.7981665611792,355.3522887850328
173,1000.3429517351826,1001.2164785724024,622.3714738337385
174,999.6291171713907,999.5479968397257,450.9760715027984
175,1001.7555607081397,1000.2517907613272,591.7141350896221
176,1000.9860585113478,999.9286447391407,522.429934159432
177,1001.2307077313792,999.1058256369647,474.0863463936184
178,1000.4144115002487,998.9609644700598,423.0524338603942
179,999.1000423798987,1000.0023007633667,466.70445805920934
180,1000.2642724176828,999.6739062415503,481.92547044565237
181,999.1903166525227,998.9248684495636,362.9186760609314
182,1000.0219777536563,1000.7131281082837,566.0576393534825
183,999.7860919740403,999.6122661244484,457.05958811253686
184,1000.4470499913753,1000.7785943141431,580.8806048404939
185,999.4340661733439,1000.1063481930572,497.3392189695792
186,999.8299345738697,1000.3474227735018,519.1723751776766
187,1000.7620213585361,1001.2186853164172,640.4048525816643
188,1000.7577317191162,999.4224862624433,477.2583976324784
189,999.0898242819984,1000.4999322959401,506.50370547860365
190,1000.9247563552659,1001.0641147463556,634.2482933047977
191,998.4569075477684,998.5627628396904,311.8713776455462
192,1000.7397098362356,1000.3045414223793,556.6121542753991
193,1001.1920080115536,998.9160846443126,446.3603151518762
194,999.3775166991006,1000.7587744573914,543.8302791183834
195,998.3812840585632,1002.1100312583043,617.6150990412137
196,1001.3809473365196,999.340630866213,491.55128714892714
197,1000.3681513049156,999.2039145936301,441.9052267428249
198,998.8689003039976,999.5848688259737,418.4571783885716
199,999.3373836729364,1000.5895262223927,524.4734839878821
200,999.8646740266876,999.8396373775098,483.13482708991563
201,999.6936340873993,1001.4589363838687,622.9976430469436
202,1000.5054818386056,998.8761661946253,424.6084077486387
203,999.0919913083197,1000.5239105249085,515.1475399066105
204,1000.6276331035235,999.755829202112,496.8904766764585
205,1001.4658096726558,999.7679980784824,534.2343669565398
206,1001.1739975943955,1000.8680913064617,627.3802760954952
207,1000.473866507372,999.3747622808568,460.023290281676
208,999.2123982339855,998.5209733562468,338.1338417212897
209,998.9533222288787,999.3841552476584,397.62059618068605
210,1000.2156186964687,1000.6580573807272,562.0579360412577
211,999.3325218212883,1000.2970389106508,504.6938964425924
212,999.8161291544543,999.8989154630057,490.9978740188218
213,998.9540642586626,998.8652622372467,361.42640522094473
214,1000.8203202902548,1000.848692280802,608.1280402149022
215,1000.9216504250929,1001.0624791957156,625.0793860828061
216,999.527614434268,999.8255072512536,461.38078609245713
217,1000.7859519045273,999.993094573326,533.0721080527546
218,999.3785231303873,999.5531242646654,438.2654059686041
219,999.7973483895876,998.9691578914301,404.1423947469101
220,998.9272881232561,1000.0651197080787,458.527897670574
221,999.8545699647419,999.471415529904,455.13953398913736
222,1001.5583750087841,999.5682358381176,521.8795946235425
223,998.9973327603312,1000.5842860285987,507.0979898219253
224,998.5042365036568,1000.4149763910685,480.80694030660624
225,1001.4169784836749,999.881925752696,539.6839972923619
226,999.9260162652794,998.6982925178037,376.3262553288048
227,998.3140404438333,1000.1937719902313,449.45848400085885
228,999.485797655067,999.6714778495799,457.77794629094
229,1001.1396743184853,999.8712180047804,531.1634175761965
230,1001.1622416770433,1000.4896244774517,599.8118558066404
231,1001.0641015916814,999.7338505942,526.6736175695605
232,1000.0234621675737,1000.1990583743228,512.1515175049309
233,999.2646123409547,1000.4182231616028,510.0295086708757
234,1002.1804642427333,997.8293755687787,391.265475827755
235,999.6459545793215,1001.4122639723583,593.667795701298
236,999.3185962712872,999.4106554530027,415.60708684154974
237,1000.3034619898073,999.6361612374573,469.0728386308848
238,1000.703090141288,999.4281624964267,485.22477591980163
239,999.2333838523973,998.6616797174496,354.9288423214043
240,997.9274264124278,998.9110754858767,316.63684800698263
241,1000.2599840979108,999.4908319279897,464.4449480901343
242,999.7144549315674,1001.8432102195753,649.3959165226918
243,999.5792370403683,999.8863511326188,474.0250134637421
244,999.3974992063183,1000.7544434659073,551.5600604270005
245,998.6077197780144,1002.1177179272263,631.8891574061098
246,1001.8105543714132,1000.3417693098936,597.712571717935
247,1000.0065862696539,1000.3638690325495,532.6287977160746
248,999.0692661240244,999.7992201896888,445.58282141975116
249,998.6434569381357,1001.7826474888609,599.923826118107
250,999.7132541335468,998.7980937349413,375.95938044434837
251,1000.12230458311,1000.8900320351593,581.9074848338294
252,999.0550035664501,1000.0179933175743,464.9944056988003
253,1000.0473732788844,999.1117139290717,417.2388720613262
254,999.5210714564964,1001.1227426210104,570.6460652965347
255,1001.4105380060756,998.3548282352657,414.75445200453765
256,1001.5878451383014,1000.146205159613,578.2240203394962
257,999.8644252446879,998.8868793097728,405.9289894892562
258,1000.7771821308528,1001.0259360209377,626.6797542983625
259,998.8566592864587,1000.4045555863727,484.019526532353
260,998.4316393473964,998.2427503331198,275.33337527107074
261,1001.505406945811,999.7965956784157,531.6619389143916
262,999.9064128758313,996.9956509692493,223.34679276337346
263,1000.0081474160525,1001.5623806809666,637.7789690800714
264,1000.0931277949504,1000.5201231717464,553.8799961236667
265,999.6156512649138,1000.1032494916476,487.73791629791396
266,998.2373451302144,1000.0403289379441,439.090259556184
267,999.0942818820547,998.9592025127447,378.04069830748494
268,1000.60907146487,998.3956183914613,379.2366912122577
269,1000.3090236312655,1000.2076861163968,537.1252403330948
270,1000.689045182807,1000.31215902536,553.1238781129516
271,999.8592634699744,1000.1633323373833,505.69270876964464
272,1000.0362420173327,999.1958020905744,421.5380653389257
273,1000.4116479600369,999.8671708554429,510.88504978963226
274,1001.4181542277647,1000.0046724859776,567.1947060080355
275,1002.1086371832654,1001.2051002447593,697.7071580223302
276,999.349156485497,999.0512465689728,388.74663224543923
277,1002.2994872168373,999.8873846874633,578.3290181441333
278,1002.2007804170903,1001.7439876790947,734.2765030956432
279,999.1218589095024,999.8306808504433,449.32814488017135
280,1001.4856319319147,999.4277075267861,512.049048950007
281,998.6995247253473,998.9770214751576,357.29591446435717
282,998.0336362988577,999.2782637111135,360.23212493227385
283,999.6424130223203,999.0606890369147,395.1204533230811
284,1000.493348038634,998.9079763151376,423.70001699121184
285,999.4200826715623,999.645456526316,443.809838908192
286,1001.9643738191611,1000.1515938794197,595.9658196768545
287,1000.4564091203216,999.9284258303653,515.5618128267299
288,1000.7549475548207,1000.0039898377553,531.9290881048648
289,1000.6351066408246,1000.06819360506,530.135086275425
290,998.4888950193567,1000.1265814355099,448.63240577003785
291,999.2297623962874,1000.6378289779947,527.6158769330265
292,1000.08268694377,999.4434712899696,453.4582975151477
293,999.2136083928493,999.5155230463647,417.54122634841247
294,999.1042660115877,1002.208186217366,656.9730856638855
295,1001.6629024985124,999.8455811942653,546.2313799070295
296,999.3252644368539,1000.2081701802091,492.9359193936364
297,999.3203819757117,998.9560838227462,379.90913372126084
298,1002.1379551353192,999.176752127074,511.36670783252816
299,999.9858901879908,1000.0322614913845,503.5141998158496
300,1000.9306555493796,999.7723360061716,519.4605524660828
301,1000.5351531682347,1000.9529414108548,611.1476368756988
302,999.8669889349852,999.0741560765649,411.051577817881
303,1000.2865293125257,998.8293501361039,403.4130154697376
304,999.6005398165288,1000.1030632592411,496.7541506410417
305,999.9571106433583,999.5753297286557,466.0044086550277
306,1000.1433737154795,1000.2968198266136,528.1286134266179
307,1001.8398292486537,1000.7617592832761,633.4512532694235
308,999.5659289379671,1000.9125224550296,567.044977945725
309,998.8105588624768,999.8216567979996,435.0984910557666
310,998.7599494690156,1001.0279293992653,537.9288848306378
311,999.3869093223848,999.8495910419858,452.71044444227255
312,1000.8415630504486,1000.802755924007,609.3840752976032
313,999.332888179404,999.1548409196646,396.196571095286
314,1000.06920158524,1000.0183984334964,504.4313726322902
315,1000.1413672119377,1001.3810566890919,626.6942779410521
316,1001.3474508568283,999.4250632385804,493.0120177916112
317,1001.7850560493041,1001.7354204879344,724.471875749426
318,1000.0645460519792,1002.3335090717443,713.4666734620962
319,1001.022785816642,1000.2814585470456,565.191845594684
320,999.2961464766588,1000.8860769435877,551.5737279509532
321,1000.6302227627068,999.1866910357742,451.89764781749466
322,999.8998852211282,1000.8938327377467,565.9672306647051
323,999.2542594265518,998.9035762487033,367.79190440290176
324,1001.249933343356,1000.3938576539456,576.3214434479852
325,999.462505919845,1001.2017614156214,579.428430937895
326,999.693412479975,999.9538080307716,489.0976077206559
327,1000.5867015394954,999.6137538874882,487.1879387749642
328,1000.9754654583121,1000.9019631213713,621.1188559609228
329,998.7996650907255,1000.3392542672153,481.9070413935198
330,1001.6129354209213,1001.5822894911473,700.9836802505966
331,999.6051176538383,1001.3383407607972,599.9911809246321
332,999.4314996306026,1000.5769534632257,522.3588837323506
333,1001.1656623679919,1001.0792529362864,646.8239135994892
334,999.8512246088836,1000.8232573259828,568.6131874454458
335,1001.472549856028,999.3710196266228,511.2982453301132
336,1002.0137828772856,1002.1341643816838,760.651016694891
337,999.9816766397964,997.682906875928,304.4326151846456
338,998.087518811168,1001.3350945996235,543.3206422153502
339,1000.4118931194447,998.5966045856642,399.8665189638588
340,1002.148208869864,999.9952095545367,585.1682144076741
341,1000.4595490022133,999.602489328294,484.2298120008516
342,1000.7913506153078,998.893454268327,425.84365096282784
343,1000.5123771945912,1000.3844372277936,550.4749492549695
344,999.9923672242472,998.0549135541044,325.7948026305991
345,998.3592390225673,999.2390540605372,364.0350138103205
346,1000.3935838236031,999.1778168307477,439.4965351724188
347,999.9364672707981,1000.2368734187382,518.2631242651356
348,1001.1809598832947,1001.7114674199868,693.9884929035138
349,999.0053071731592,1000.5846970897262,512.5957017349168
350,998.5438728759076,997.9299982336156,257.7119972438171
351,999.8132800353892,1000.3751948015712,524.3243802884606
352,998.8068757010864,999.4172953473546,402.19551340113657
353,1002.7154027398254,999.6504560875873,579.8517864859473
354,999.5839843735747,1000.0441358054413,476.07122974029954
355,1000.5973014625947,998.7795954153906,411.1842387237991
356,1000.0784778286812,998.4461936478773,367.76354239186065
357,1000.0777510418967,998.8231961154573,400.6349518551187
358,1000.3315002173787,1001.0689712882823,609.5807074570155
359,1001.2618057010006,1000.696289065259,612.4702560910662
360,999.2636568169144,998.8871272058364,366.38188680249215
361,999.6989430471907,1000.01948507418,485.50390002770087
362,999.8414866481886,999.4498248206653,443.3970356135937
363,998.9041725252417,1000.2252386253567,479.56906766958593
364,1000.1650687496193,1000.6654648044922,559.6984891073345
365,998.557802089514,999.7520666349318,432.8216199083449
366,999.1616287880713,998.4337815075536,328.2055040133165
367,1000.5578617550296,1000.0543169537776,524.371195474605
368,1001.0025551914688,1000.0238362673044,552.7789350933658
369,999.4017537858922,1001.7697260906683,630.6136393266559
370,1000.7693363189172,998.80616706886,424.810786086506
371,998.7717778565086,999.2316931262993,375.1375471510901
372,998.802498028912,998.6766180739518,338.93370122470503
373,999.0941552625084,1001.2311538785813,574.7400108316077
374,999.9148278069408,998.4225030181152,355.8148512530355
375,999.266729371938,998.9916584759522,378.79339706937185
376,998.1896400507524,1001.4497584018103,555.9997870240727
377,1000.3507321201207,1001.4919948607522,642.3708192002453
378,998.5523866511337,998.9606704525083,347.8763132730069
379,998.9124325158244,998.4851282638397,330.0823022536812
380,1000.927695517779,998.3205242298172,392.70436827153407
381,999.8139727320977,1000.3443082359877,519.3264095596427
382,1000.9139772384216,1000.9122220059872,612.7537014986588
383,1000.0629658363797,999.5885474730544,469.246860523441
384,1000.6715231578663,999.2184730959767,460.31999097651186
385,999.4703524874452,1001.8703533835887,646.2592859245788
386,1000.4998448342856,999.2078831531458,452.73449935007613
387,1000.2517898941883,999.3076879854834,446.6617038043286
388,999.0104133925987,999.3133804176593,392.57787377315935
389,999.6407999795108,999.2206150344206,419.11235041482786
390,1000.5475428587953,999.5958952194443,485.67140381801767
391,999.6639182364336,1000.5879232691448,533.5507459870913
392,1000.2161007227136,1000.5537718950387,558.6879694815866
393,999.5306067787526,999.5175267119632,433.4151443319604
394,1000.6090700245463,1000.5627543946217,572.6784321239862
395,1001.4081941299128,999.1264265280963,474.34929884413896
396,1001.0191041181613,1000.5166600020642,587.4556674283482
397,1000.0267792795712,1001.226686294769,603.6048816226984
398,998.5971238569646,1002.66630765155,679.8950229235796
399,998.4553157159331,1000.1376738977907,454.02841184491064
400,1001.1850247310228,1001.099978224067,641.2963611091914
401,999.4621812283476,1000.5503029535237,523.1264342532802
402,1000.5681624566864,999.2504078032686,451.86441941890024
403,999.6480691936183,998.7529581678067,369.9145129775208
404,1000.2701433339984,1001.0778897204863,602.1202497949819
405,999.9895917674513,1000.9792979666173,589.2837976726472
406,999.4249497507228,1000.898388143552,552.3587431275491
407,1000.39421568289,999.7150608133014,497.8207775064389
408,1000.149569745654,1001.5781520107796,645.7084402037391
409,1000.3922321457353,997.5955865181113,299.39441419292433
410,998.7939290931392,999.7376435534567,416.3753031772155
411,997.6154759727119,999.5744078807193,371.2241036051309
412,1000.872374187264,997.387926656438,305.4222122133839
413,999.9057637460998,999.8884833918963,476.194975228927
414,999.8841393460066,1002.5334806394693,718.2565398630599
415,1000.2596056993167,999.6661030178196,481.64581320809816
416,999.538359174324,999.6477576141292,449.7972121222009
417,1000.8963075551727,998.6983692908244,423.1308961833606
418,999.5659434691852,1000.0162173692216,487.2327680525943
419,999.2341993235119,1000.2585015202344,486.74414446614657
420,1000.4196987297987,997.8785742291568,333.08087339141025
421,1000.5736580960736,1000.4101077727913,560.1354366122367
422,1000.3551637358127,1002.2034937868517,711.6577732776483
423,998.4509104630806,999.8752596469267,424.6110882127841
424,1000.7454326299753,998.2419449219561,367.8849900241112
425,1000.8068037153546,999.6748117230852,502.8467148995792
426,1001.6910861803937,1001.0526201755544,661.164368621826
427,999.7093371704441,999.2336824444548,422.44243544465803
428,1000.746747306921,1000.9043339588986,612.7279103266177
429,999.0570409168377,1000.7555416688307,526.4475195141854
430,1000.1023833493164,999.4766180740227,462.88163083796724
431,1000.5792867549472,1000.5953347056038,574.5783776538541
432,999.5858370173461,999.9505154660401,477.8062599329995
433,999.6826735456799,999.3678953163936,431.1886968123592
434,1000.386168817219,1000.8220685297183,596.271616771598
435,998.8625673040905,999.1566211190809,367.0456173319431
436,1000.1104826233984,1001.1782350440018,610.296501886043
437,1000.460414422973,1000.5549621236477,573.8382695891297
438,999.2785341322733,1001.0175144838573,561.6815935984445
439,999.8997690131664,997.9999573916972,316.95059260447687
440,999.7615013730812,998.4180241386532,353.7833946065951
441,999.3194783948908,999.9650894667368,462.24239730667483
442,999.5584923392784,998.961784048028,395.7453134872051
443,999.3375545371587,999.8965378444373,461.1794450249759
444,1000.5987792784979,997.0354846750353,265.3188349140617
445,1000.1388601000386,1000.0792091718033,516.2860375640064
446,1000.7767990171424,999.503894665958,495.54358534236616
447,1000.8508179869577,1001.2710741258293,655.0298841020265
448,1001.0001766935827,998.0096955786273,361.96928555187753
449,998.0393742791213,999.6264674615817,383.934415519679
450,999.6419418148143,998.370562742152,339.21223298208145
451,1000.5170854064543,999.0863585982527,438.9769913647519
452,1000.6808924557492,999.7214311676423,518.3603954341967
453,1000.0468938076184,1000.9544860619993,587.0691898597457
454,1001.3763617982654,999.5240450552362,513.588510643147
455,998.7850204363916,1001.0246123288894,541.1289475020037
456,999.7471792423461,998.0531130271477,318.24228660349524
457,999.541408729344,999.1940975957737,407.41050586851236
458,1000.4724267535092,998.7098449155684,401.5399622814862
459,999.3086350549843,1000.7027491736627,530.2762592125853
460,997.7513412103692,1000.182477531898,421.5295114897206
461,1000.8186484313792,999.6300458739161,509.0580574626169
462,998.9440823525256,1000.0428138783592,460.18385629878287
463,998.3344931172451,999.5285184446077,387.89272461940595
464,1000.1887173822423,1000.5409972339977,560.9377906210058
465,1001.4653531323033,1000.236417361366,586.5598064859137
466,998.4442304576057,999.7988482310584,426.36278462588433
467,1001.3804406786278,999.0823974270164,479.9191566059864
468,999.3780246625321,1000.6124092532108,525.7046566146622
469,1001.204703960482,1000.0316327381387,555.4208713451699
470,999.0709937424394,1000.6955355681804,530.6830145332789
471,1000.5710328925952,999.3991760340767,469.8723866295668
472,1001.6746003017787,1000.4484662955176,606.3150518198445
473,999.9605016912744,998.4646129686148,364.8521078416688
474,999.1165638107246,998.8038426415748,360.1607811760624
475,999.6799094156577,999.2293818340421,425.1061584752634
476,999.3361658633742,998.7781760229692,365.5608775485973
477,999.8583212367504,999.9125679370793,480.2301228171844
478,1000.3414884362323,1000.2895951903844,533.4842626492591
479,1001.5943225114506,998.9566788607747,477.3213601079114
480,1002.0886298169736,1001.028922757302,685.0730652908378
481,1000.7996966137313,1000.7189581914563,595.8536379669682
482,998.2638401038682,1000.920300625168,510.8785785502258
483,999.801399120459,999.022684813644,403.69954917011
484,999.2675297008087,1000.3422509954346,493.9642073677289
485,1000.3913124552683,998.3671210771364,368.92009539984537
486,999.8234544604744,1000.6431466447387,549.8476200686011
487,1001.0356317548532,1000.6512310461313,601.7678083780328
488,1000.4785350241619,999.7950904607995,508.2038913458533
489,999.6641509954254,999.1563800625694,418.9300451928782
490,1001.8999573874128,999.8733819978436,564.3682236213732
491,999.8801953973536,1001.3320651500868,604.1106609943603
492,1000.7748155863417,1000.7405769066232,599.2805067162914
493,1000.1980658918204,1000.374205909439,527.8807722583516
494,1000.7563070277432,1000.1356991599263,547.0728669378357
495,1001.538661722321,1000.1713476617062,576.8926402006383
496,999.6197783466232,1000.1999303313394,491.80281222710687
497,1000.249551164704,1000.130121993996,518.7063021846278
498,1000.1098195491542,1000.2982953440418,532.6265316415288
499,1000.1191576157593,1002.0031653838513,685.2165407916625
500,1000.4229189691023,999.1136311920012,441.387240111764
501,999.1651152551019,998.364391606486,315.5189290330409
502,999.5454261835682,1001.1041369794624,581.511438083857
503,1000.8007787611303,1000.6134536592247,585.1566919161072
504,1000.347341267222,999.6949362361656,481.20614899001436
505,1001.0365003700639,999.2190502957758,470.46051802314713
506,999.4876595192003,1000.6307117690117,535.5436758282534
507,999.3200788943286,1000.1060930859783,489.057551961728
508,1000.1630372518636,1002.562477466509,731.5095583727039
509,999.6351320503372,1000.6384127780882,539.7932304046632
510,997.8955969121088,1000.0858649664387,421.26795581123406
511,1000.2082194779007,999.6930885214549,480.5991150274344
512,1000.5079476077252,1000.1148029639039,530.2103988218163
513,1000.4877291411067,999.3212914359216,464.1158700554973
514,1001.6065327416156,1000.8026826708173,633.4727288005175
515,1000.5484282093863,999.2171762175535,449.4161187948157
516,1000.9503206484624,1001.1570931058257,635.3470661306967
517,1000.1737711262897,1000.494971197523,537.2492280531452
518,999.3926514977212,1001.1762351273779,572.3806506416187
519,1000.3330622769702,1000.435880005582,553.9046287651987
520,1000.6330373034264,1000.949190936196,616.5106010129126
521,999.5412155772107,999.1411432823083,402.2963187329032
522,998.8595977258257,1000.01421222942,456.89995237168085
523,1000.2555621645944,999.905156930061,505.74726413094766
524,999.7456077770894,1001.1956938250174,601.6384957833875
525,998.7024201552794,1000.6892086152229,510.88661195502715
526,1000.0116818232982,1000.680525925353,556.8320971113681
527,999.4876319194408,998.8657015782167,379.109820566372
528,999.2250855667647,999.7718234774768,453.49681218169815
529,1001.7428718441736,1000.3504077007308,594.6866457350071
530,1001.1014635255876,1000.2965781341768,567.4636876935175
531,999.308599432115,1000.4080761153447,498.9283393958094
532,999.7827459246704,999.1375350379112,413.1007145169892
533,999.4229183306728,999.5038395366447,437.1817974099192
534,1000.307253913776,1002.1284558454852,699.7338410229739
535,1000.3107993738032,998.1299823517012,351.42908062100173
536,1002.3937276368124,999.9286286906779,593.2305193771008
537,1001.2145991148748,999.8385241438001,544.1813100407738
538,999.4630980262683,999.5599440297754,438.7637159375997
539,999.3022235444721,999.7473669235433,446.87698754589735
540,1001.4015933099953,999.0178695552296,471.9943596721792
541,1001.6340756453512,998.8095038784284,461.1406242277295
542,1001.2092906523579,1001.5213056953808,689.1734888970261
543,999.2711788676417,1000.5197298468272,521.7969924671536
544,1000.4232197657836,1001.0040508871867,603.8875773722032
545,999.0967379037967,1002.1607524469612,655.3914031914752
546,998.7818736630948,999.100538046236,369.78582540853887
547,999.5576069684023,1000.266792474738,509.84188626144095
548,999.7177387118237,999.8226466726877,475.1758576737966
549,998.2993190984387,998.8997079203708,338.0902386001779
550,998.9806552340092,1000.3714961132547,480.8061679559197
551,1000.2434914477172,1000.9279083453958,587.3077703193196
552,999.033341823506,1000.4411873738433,503.39000141105333
553,1000.2633819158187,1000.0798548199806,518.1278833901422
554,1000.259986922176,1000.0373926042848,506.3392986265895
555,1000.0659194907989,1001.5889639002356,647.3615595713675
556,1000.9127684366694,999.0859714085452,453.1382414237832
557,1000.0652613572964,998.8976753683867,396.0499847621306
558,998.835135290988,1001.8840641011,612.5053394264529
559,1001.7086550178699,1000.5456871325836,618.9336345873537
560,1001.229917284268,999.6440087278153,524.5689545585435
561,1000.4549839916193,1001.6918754987372,666.0622254538048
562,1001.8593179472407,1001.0268408261327,657.9549142636489
563,999.4993493065172,1000.1867705493547,496.06904958233
564,999.2996824484067,1000.5502513792574,524.3839383524133
565,1000.4541553608613,999.3632187637284,461.4904899199929
566,1000.0611748695828,999.2164619707668,433.99838445922404
567,1000.8248985271733,1000.3558147484944,572.313053851413
568,1001.0192157753487,998.8683186052806,451.92641532284415
569,1000.2186746494693,998.383895335088,362.68807581712446
570,1000.3719266380436,1000.0303641627721,514.8947441637532
571,999.6742637510588,999.2576416261118,427.3695697745074
572,998.7792892030805,999.7674448623596,435.5136244547914
573,1000.5565304711567,1000.5356378382636,566.2717255663605
574,999.9925772102243,999.4153922997313,452.3723832877561
575,999.67125607388,998.7787530351407,375.6230235600407
576,999.7350669539387,999.7117705391285,466.49020064649216
577,998.3172504515759,1000.3493870147094,465.1780291424829
578,999.616875534608,999.1442914962744,405.4001656198269
579,1000.2723251381328,999.0807940303313,427.7412622062938
580,1000.433463858233,998.2272943044479,358.8506132139949
581,999.7536478650363,999.9280220425487,481.5334626750023
582,998.6879404850824,999.0296735419824,358.68011197072985
583,1000.5532767126648,998.322839148486,375.31180205340087
584,1000.4006562314663,1000.3924271404877,550.142462477993
585,999.74859499949,1000.7065592442199,556.543975646635
586,1000.8476287312918,1000.6873122218041,595.3809465162147
587,999.3813611414133,1000.4790917690764,512.5837775336678
588,1001.269507362438,1001.3427893558996,665.0473923595972
589,999.8973218215317,1000.5395810450017,549.2905454911648
590,999.9311850204256,1000.8321354580372,569.8733603076372
591,1000.1719804533894,1000.4977434594373,550.293400617648
592,1000.2158078586627,1001.0953277708122,607.4194029570825
593,1000.2288754343637,1001.2130411559857,617.3773773196227
594,1000.1531484433542,1001.1888403463017,613.4266291463497
595,1000.9765697586477,1000.7433360840568,604.5726140930071
596,1000.7578183359441,999.8858146528572,516.985813775865
597,998.176216520311,999.7161237146277,401.8950557292264
598,1000.0202133628073,999.3935320491247,448.5535721941784
599,999.9851273956816,999.7895297921988,475.9469962202677
600,1000.4689175801128,999.671220592866,501.89188819006887
601,1000.6367514923337,999.6073807366704,498.62842090163065
602,999.5946436080226,999.8950116563595,474.20540259707184
603,999.7161086120419,1000.9041088883373,568.6047779754276
604,1001.1109798475627,1001.7729172670233,698.4104139622187
605,1001.5706156971854,999.9261491909316,550.8967399136039
606,1000.6498071667827,999.5350305550812,481.52436971692566
607,1000.968192679142,999.6104357270419,498.46359085286497
608,998.9272350199159,1000.6144635823033,515.9009900702896
609,1000.4721944676643,999.4699614061934,478.0803033433381
610,999.9247297751303,1000.7078652085524,562.8473668138763
611,1001.4447998566437,1000.2157939360443,578.5238572292519
612,1000.5857864589598,1000.5493303261096,564.9556812960161
613,999.8402634052496,999.9931464036914,497.4647268379185
614,1001.2061518509033,999.7825772839273,526.3425972096086
615,1001.4391067260148,1000.1919670584642,568.7320592249457
616,998.7915201027687,999.86220145782,439.65054024274536
617,999.2872549223243,1001.7702773260713,624.9925040414096
618,999.1607143884056,998.9046455174307,370.7417775351672
619,1000.428420479679,1000.3415225990148,553.0768173295677
620,998.5582022576707,999.7825473869432,414.8568771539485
621,999.8344561584236,999.3827380565973,448.51914415847193
622,999.9450195460668,998.258900165044,347.191118195517
623,1000.5862719667423,1001.1755754292141,631.5606939182501
624,998.5154236646976,1000.8912072263707,527.0575415913761
625,1001.0976316271943,1000.2223605747008,553.3241975102603
626,998.3965736745866,1000.8977874327363,514.4056408574132
627,999.5381245263443,999.540287910286,444.05469283965436
628,999.8209155496795,998.2842458013533,341.6878955248129
629,1002.0037480522564,999.9267008129483,565.2499549384387
630,1000.2727885426747,999.1829096147127,436.5549497151016
631,999.5031650098042,1000.715887290687,548.61436053478
632,999.5379314399088,1000.2984608644754,501.62206015161524
633,998.5014725724544,999.0578078776434,362.2492810487827
634,997.8034483553937,998.8730392651187,309.35587862899024
635,997.8663307335538,1000.1970908622078,435.26155328258784
636,999.4778401056373,999.3257305826904,428.3161487668162
637,1000.4154525081226,997.6813014709018,308.2234312505793
638,999.471009821048,1000.701675318118,536.5906687647899
639,1001.410151845287,1002.4254706773793,774.4078544514233
640,1000.6076196584596,999.0336303199657,428.84321278579625
641,998.5217926600909,1001.187170959204,552.8891290224539
642,1000.1123219255043,997.6856527750156,297.29389413193223
643,1000.782709931352,1001.1428558064163,637.858708266419
644,1002.0952659802265,999.7632553783353,564.1115379147368
645,1000.6028299690461,1001.3794893254911,648.0101493228949
646,999.0420015172743,999.4138579840339,404.129286546174
647,998.9582657954068,1000.53332941477,508.8255256417083
648,999.6277834721983,1000.524747580072,539.5404931828282
649,999.6066361326117,999.826783104481,467.66852221333914
650,1000.647009900946,999.6023945545004,489.1245800656128
651,1000.5494020402052,1000.5440525040866,571.1882917880894
652,1001.060220558777,999.6058692176667,497.7227482641622
653,998.8726102306296,999.4118771506801,396.92876858585237
654,998.9994054081133,999.5628358191209,414.11072813831277
655,998.1406192153413,999.7611544496857,406.2884539403929
656,999.3512813005062,1001.2875927805272,579.5584899835791
657,1000.6622534725383,998.6730696031759,406.616067101664
658,1000.4552542434143,1000.0504784241735,515.2152027559487
659,1000.1038936133743,1000.643429355398,564.186814876514
660,999.4585136172844,1001.0636824133452,578.5886064550515
661,1000.4064172351559,998.7828616728177,408.2862018238552
662,1000.5995961531364,1000.6712345348981,581.5425266161899
663,1002.1808252130924,1000.8786657311688,667.4812481039403
664,999.8416325458684,1001.406074674326,622.8655182813751
665,1000.9945604129747,999.6533449132712,500.13304580544093
666,999.6587909628591,998.6649498316052,379.1313120747972
667,999.9246228922316,1000.0116069679863,502.71948002070684
668,998.8994799079628,998.7446299220433,343.73541799243674
669,999.689135965914,999.4802742619004,441.4847402127855
670,1000.1339503971616,999.9495605812996,499.2123511732978
671,999.8444900965404,1000.5279639620593,542.3620489701357
672,1001.7859422149986,999.7576089002063,547.6240432533422
673,1001.9103195312751,999.4651113899272,535.9294754207793
674,1000.702073702146,999.2789809521107,461.52076711753836
675,998.799835826626,1000.9171220092328,529.4394397952852
676,998.901089248269,1000.7496394794074,521.6158872397277
677,1000.9811937737295,1000.0909412345703,547.7129283710759
678,1000.1408654633493,1000.8339365203498,584.3811077238026
679,998.2284793030556,1000.4199713872276,465.99980649077486
680,999.8172901489743,999.9376998943874,489.9964651504756
681,1001.7978245736788,1000.5579783466907,634.5322379035152
682,1001.3860845233653,1000.9358477520868,639.8183622492462
683,1000.1109664974966,1000.011253211719,500.7218448019106
684,1000.9283387109056,999.6629049362987,514.6937858883663
685,999.7204577412256,998.8366234196416,380.1398491626706
686,998.6372757201384,999.5535747499553,402.7886092221642
687,1001.8712954713907,999.179794098328,507.44318662497454
688,999.9816775243958,1000.130101571728,516.6620498627743
689,999.2565608535035,997.5251866265182,246.73972005907947
690,998.251219911258,999.0679277669728,345.8514994672988
691,1000.5135695219336,1002.2280132308224,728.5415864322357
692,999.9606827964,1000.9968908168643,593.4748072346497
693,1000.2502081289923,1001.363167549746,623.0544955505633
694,999.998877450616,999.6906834288634,466.78702434360565
695,1001.124727177885,999.7485241133644,524.9670294677807
696,999.7027786586136,1002.321608703438,695.7728281714868
697,999.8413934196652,1000.0581610571652,498.1900003268827
698,999.9212661193668,999.1301012301652,420.2389007506976
699,998.200536378648,1000.1690442897971,449.25967508388186
700,1001.1082330519997,999.6311906826177,518.3487726828051
701,1001.1031527872258,1000.7464268845997,608.6446635232969
702,1001.2604102138664,999.1094834958507,476.08427343745393
703,1001.2310874054447,998.6371184214596,425.4599912007873
704,1000.6894586309024,998.4773638774119,388.02606419840566
705,1000.2489416360643,1001.0102330000543,595.5444319135589
706,1001.2577808017018,1000.6122597200638,606.2179593555021
707,1000.1906438971316,999.9318233901472,502.3583131601892
708,998.9341016905063,1000.1849977614136,470.9635848978631
709,999.2566707887108,1001.0342296732796,565.0768903509581
710,1000.2898585504628,1000.6703407131515,570.1685123652716
711,999.0301967218182,1000.4304063591997,505.63188398578836
712,1001.6575235717497,998.5806348959078,443.1869176626926
713,998.3450913253323,999.5129484215622,387.64605587888036
714,1000.28396831266,1000.8362240438468,592.7579164984965
715,999.9773436874792,1000.3393594711217,528.1454694965249
716,999.430955652654,1001.4468994011509,610.0917076356587
717,1000.1281363528959,1000.430919770275,543.3237843031621
718,1001.598300871212,1000.8629267206152,651.3961288610681
719,999.6843519587959,1000.6704015950598,552.9145202623566
720,1000.6018538800237,1001.5607459445813,662.9250462337402
721,1000.2177475144451,1000.725392413764,571.7062626221265
722,998.2325725661391,1001.0227017426226,521.7744574040415
723,998.26232829848,1001.4293793083766,565.9362004993942
724,999.2793676010943,1000.5965517940961,526.2924796076577
725,1001.2753276858277,999.6433866358227,525.5561777268364
726,999.8792026570347,1000.6400081823076,547.1290144613744
727,999.2829483605528,1000.9015432638248,556.3815691313789
728,1002.4099438243351,1000.4875261976176,643.552572050058
729,998.5767264761544,998.4662762517676,310.1908531730263
730,999.4393187110793,998.1652381467263,316.973734928554
731,1001.6586407452029,1000.2253383689093,581.2475743350168
732,999.9531148932516,1001.9589766965846,675.7602689783545
733,1001.2957213249854,1000.9964117021556,637.2716109929203
734,999.8228009705192,1000.1787961436698,503.2706587604634
735,999.3841366983477,999.0046838956464,386.8315800060643
736,1000.5481945264822,999.2622262101247,449.22797293208765
737,1000.6186221563844,1001.1190508063044,624.1561984672744
738,1003.2079336486612,1000.8731408377632,708.0181057952304
739,1000.467344305148,999.0711610204912,436.669659071071
740,1000.8607937541136,1000.6549633927756,582.4550662975033
741,1001.856572127089,999.4860442009,523.1597791418911
742,1000.2048353034198,999.3197592610472,454.01363039076205
743,999.70706920054,999.6638734076407,458.33002661959364
744,1000.6868300531528,1000.3975334334508,553.1340606815943
745,1000.0253364378732,1000.8688680373152,575.6865675909281
746,998.3886289724844,999.5593560318396,399.7469088068518
747,999.8215449411844,999.8841244164707,479.03778183566493
748,999.7554927049147,998.7432390774327,377.1361623570349
749,1000.0324366648844,1001.219938110686,611.8475488365283
750,1000.7225894355802,999.2147183034084,457.69568613931966
751,999.7429930482922,998.0692748221982,320.68694050820136
752,1001.7257523156517,1000.4367848100841,607.664730777356
753,1001.0284022256544,998.8246315050765,431.4798732315574
754,1001.5344980500212,999.6458455709593,536.0059362422857
755,999.597346204522,1000.074946858983,487.25310044812915
756,1000.3161217299927,998.2013100246744,357.11605236061723
757,1001.7384937596736,998.198308352118,406.97496006438826
758,999.2345026347248,998.8113077374336,367.8845614688098
759,999.388914918772,998.601301885397,352.28258718297815
760,999.9134987010583,999.189289772268,428.4326862393402
761,1000.1752725187076,1001.7602593888454,674.3110204717076
762,999.1452765744023,999.819291717664,455.035335389043
763,999.6322128759804,1000.1207790402541,493.53818767072187
764,999.0002794596916,998.440796672662,323.74660823424256
765,1002.2318245737737,999.8096749634942,570.8743858811188
766,999.719870542547,1000.4104056820227,522.353586759007
767,1000.4270920869984,999.885685015493,512.3707856660071
768,999.1438831982132,998.6964412355787,344.44538799778013
769,999.6854459306566,1001.3077276520927,603.4429248374895
770,999.7194542095604,1000.1156875949858,494.1976924767502
771,1000.3201511032847,1001.2760463143973,623.1044501461381
772,1002.0179261683099,1000.4093492172999,615.5627227003581
773,999.2524657510324,1000.3280760528804,501.09520221029135
774,998.467830441916,1000.21620780002,460.4308638029237
775,998.4079089546412,1000.8473755260317,511.1937567124921
776,998.8015251989748,1001.8420980443283,619.1047848619293
777,1000.359239090002,998.9766331201707,425.2042215634771
778,1000.3522228953036,999.1806166316063,439.3866776326462
779,1000.7723575589861,1000.8143963299657,609.7226947958968
780,998.9638371696865,1000.7262210091766,520.9731598310524
781,1000.3861584589598,1000.6113570376932,564.9102229349046
782,999.1948814825136,1001.1473622751363,574.5730747304841
783,1000.6727386550232,997.1395180350332,273.4326379844824
784,998.8478751925368,999.6218479443353,416.5796721407011
785,999.1319046749036,999.4693436353156,414.0040053422642
786,1001.3588774517424,1000.4989501459596,602.5491467107406
787,999.0180043970696,1000.52517772788,501.81396345804
788,1003.0123663395875,1000.426094338328,657.2588888850354
789,999.2565020365939,1000.8091288689684,545.5852027603559
790,998.8994868222051,998.915927576355,363.11433584735664
791,1001.7129946858864,1000.213874044324,587.1013486660677
792,1000.4731602447059,1000.1883300502836,535.983125681759
793,998.4959402101387,998.977362114162,357.0444140032666
794,1002.2755534430617,999.5485391542836,543.9185096206758
795,1000.1712320904796,999.8737492982589,487.4695239600374
796,998.7170752104184,1000.5761272791292,491.03773415962684
797,1000.2626832784188,1001.2558142751731,618.1234169612334
798,999.1843563741568,999.7879540943508,442.93357948600266
799,1000.6465773361284,999.8835083855147,528.4401545262326
800,999.3172221368679,1000.2383983613803,492.8732710472319
801,999.1713572162007,1000.374025635672,497.0438764547785
802,999.0347636199164,1001.580036782574,606.2973619885972
803,999.7885683044984,998.6160154686983,368.9020445568354
804,999.210672083135,999.9175512231247,463.8331559588466
805,1000.0678297904013,998.9735686872206,411.3563617288179
806,1001.1778436078084,1001.3592347734151,670.2123763314803
807,998.1806575081042,999.6951226841866,408.52236362299965
808,1000.0123329040226,999.8446782327403,484.43638366363615
809,1000.2719431349342,999.7328817906545,492.64192630256963
810,999.0594675573486,999.1218465438707,381.85298994548276
811,1000.603312068792,1000.9932349676077,613.9599526151188
812,999.9842390773227,998.145638338734,327.36024129149115
813,1000.1782363762137,999.770659136156,491.7924066257116
814,1001.602913096734,1000.2097747318878,585.4441278525176
815,999.264464237697,998.9509537319342,380.3945668981375
816,1001.0740343569472,1000.0906358693097,554.7626665975166
817,999.5386824635422,1000.203308741358,493.8566807467015
818,999.9989057592653,1000.3094364488468,526.2107461997405
819,1000.5050717669212,998.4509325763166,385.3965598752692
820,999.0949014313768,1000.2395968666026,484.4615914773384
821,999.0340452989892,998.6348293545044,332.22764351726505
822,1000.3964528658956,1000.5312588308748,564.6720717082742
823,1000.842887122606,1001.2145184262057,649.4400682453601
824,1000.685709951016,998.7527058075052,424.727789864844
825,1000.5826265993394,1001.0493541474913,618.0869511093333
826,999.3302357589363,1000.5164979485139,511.89276393719206
827,999.5167195346366,998.2427572070917,331.1216882835573
828,998.3719291516728,1001.4504393114313,558.1640943139216
829,1000.3459200192783,999.7113763922333,493.56964947725663
830,999.8213290455844,998.9536207518984,396.05573682777606
831,1000.6416802567328,1001.2600338687274,631.3714016891532
832,999.654975457874,1000.0366543671232,478.4448661860958
833,1000.3363169103047,1001.2277584310233,628.5449945553794
834,1001.4061076220604,999.4276816848654,499.75474684304015
835,1001.4923336703298,999.3170148939147,506.82347359944407
836,997.0583472089661,998.6043139399434,258.6440374650206
837,999.7712510259627,999.9422004143339,478.3582379162217
838,999.2388205086728,999.8435087742123,460.542508237649
839,1000.1022106445033,1000.5453737709947,552.6266595288025
840,999.0024813661197,1000.667853596175,519.608167509648
841,999.9298680542853,999.6034579279062,456.9876155138211
842,1001.2530767682956,1000.1002206038006,562.6259752623373
843,1001.0998484193937,1000.1681347236284,560.9872101282103
844,999.0097329799107,1001.4847734331233,588.2426814682234
845,1002.0324349571033,999.9654160019037,579.4306547224113
846,999.5442523781073,1000.0309251569084,490.6889113372992
847,998.9566154592958,999.0047434529356,372.77743562328493
848,1001.921940538873,1001.1406896476599,677.2762868619467
849,998.4645901657907,999.8365441758392,420.76621322790896
850,999.129116682442,1000.1907475860468,478.0863680719154
851,999.8587428295419,1001.244123675506,608.7991805065571
852,1000.2774664156656,999.9052823439772,498.40036413961457
853,998.1508521319597,999.1088725715584,351.0900891824846
854,1000.8149018182105,1000.9267078456827,604.796523497614
855,1000.3206475065359,1000.7351059426325,584.2941507757286
856,999.2306714701184,1000.9682480255664,552.3685963906154
857,999.8144163776512,1000.1643536864183,514.8563640360836
858,999.3307063024497,998.3562614334804,324.7527847326678
859,999.3762042330244,1000.8413480017985,551.6500996267873
860,1000.4738652332468,1001.4454281451494,646.4213711515152
861,1000.4235448905932,998.7844819521312,412.0162778546955
862,1001.9021464172667,999.6231063170329,542.0558131371063
863,1000.2413666973255,998.491084423138,376.8202757495909
864,1000.4465824182818,999.6043024074327,485.6554219902819
865,1001.442675518308,999.75011750367,530.001044317915
866,1000.9041997979043,1000.0224422749443,531.4823722132703
867,998.7516308721927,1000.6920279197757,502.9017022067338
868,999.6540693925333,998.0593701239186,320.22783440806137
869,999.8132176010159,999.1219399363944,410.1722868892717
870,998.892237545158,998.2965768754083,307.4926247103735
871,998.9331012041864,999.3923008341064,414.3215432846648
872,999.2945366059796,999.5334353097056,429.4725952238923
873,1000.989604427744,1000.7718986812932,611.3728069058627
874,1000.2553180608817,1000.831031795415,579.498008236646
875,999.7172904250012,1001.8219295554936,645.8481536313018
876,998.8430166803557,1000.8470177352048,528.2198725865861
877,999.6532620321747,1000.0545103454183,487.2993308145905
878,1001.4564101402383,999.7298780536884,530.9931459235911
879,1000.2391233501953,998.5604958067804,374.1976028222568
880,999.4593634289532,999.7301904331024,453.8258268427462
881,1001.0215651608908,999.9954064590718,535.0456265906083
882,999.8385760833992,998.6963927750093,381.3683267833461
883,999.3155639724954,1002.1187025953751,657.7186800834028
884,1000.1683375286008,998.7449559999301,403.06256371441594
885,999.7915108142114,1000.021169564734,502.4059214810828
886,1000.4213529803853,1001.1019761811166,612.4871622053738
887,999.3162586116554,1000.0075116787492,473.14373027270807
888,1000.0953598499483,1001.648703655777,648.49853653127
889,999.5173181914633,1000.0021862098728,477.59301587426637
890,999.8107452921582,999.8137991468687,478.8571900724637
891,998.595031615268,1000.1746689855194,469.11310605436137
892,1000.28688005563,1000.5578265938934,558.8774158715853
893,999.7827490258313,1000.6644432344802,560.6780518579453
894,999.7145735102913,1000.0624653501494,484.56010504388234
895,1000.682117752182,1000.9205535666457,602.9701102968114
896,998.5199663789219,1000.6990554376297,501.8883171716771
897,998.2256301071981,998.4731398460235,296.9898467523172
898,1000.1507573150177,998.9260238135428,409.95257742757775
899,1000.1875096913848,999.210645243246,429.2145201425672
900,1000.6220073727608,1000.1110699038603,529.7197158482275
901,998.7199247570354,1000.691641972672,503.2161408088878
902,999.749246117123,1001.8721047897137,656.6547446078307
903,999.2510681766333,999.0118550817076,378.8143046473172
904,1001.0929831022277,1000.958074056051,627.6401641581881
905,999.5003509225177,999.3089718391304,420.35676967834024
906,998.9080595045,998.7819942330502,347.1952143642697
907,1001.5856025998347,1000.0357638641724,559.9610884667389
908,998.5702326066324,1000.0490836039132,437.9040143613833
909,999.6047986585553,998.9053940026433,382.4819857252663
910,1000.6528570253444,999.1361536581917,446.61250992102805
911,1000.6931146375856,1000.6115204617624,578.9434831748149
912,999.2716318020593,999.5912902792703,427.85700337884055
913,1001.2528060799413,1000.177815166058,563.5836374859741
914,1000.4296125618887,1000.9765973336708,603.5586958725381
915,998.1094932704179,1000.3067811861882,445.94046657790017
916,1000.4941486329,1000.6607325078617,577.3166504922734
917,1001.3460175213753,998.8848771158173,453.97166610225634
918,998.1113156727084,999.2989108945586,367.16096642469216
919,1000.7372511834261,1000.7079235348317,591.503582140253
920,999.4032523884836,999.2345979193707,404.9031621848372
921,999.956639734046,998.9183656954672,403.9032741282778
922,998.8192711776036,999.7912233313657,425.4826051100135
923,1002.129912450296,1000.816521162992,657.8001981385914
924,1002.2364470018264,1000.9015575201868,664.5087763153144
925,997.6911840083417,1001.1681436841783,503.05044876422966
926,1000.9218731065474,999.8514538930448,518.6675614514003
927,1001.0584591439874,1000.0847521387868,544.4987832475177
928,999.4082386159547,999.2615107142053,409.6767581547419
929,998.7662670748726,998.7152162181301,338.57270939774065
930,998.2421022071871,999.903162876118,427.4869950555412
931,998.1137444459856,999.1619843350153,349.7179943520802
932,999.0219601806753,999.6798859557497,434.3865431630347
933,999.9119628297328,1000.6666409559233,549.9363662656307
934,999.7648944090688,1000.3309538352914,524.5896561047118
935,997.2523276853868,1001.4178721630617,502.9094733167608
936,1000.123297516303,998.074654672642,342.05906592218327
937,1000.3750546317557,1001.2243293671028,622.0320501070222
938,1002.5628040644388,1000.553564284494,654.8391207616507
939,999.9449888290919,999.4216054320207,434.69375374375574
940,1000.4711087315517,999.4070184671556,470.55463750095595
941,999.8841545864959,998.6137120235472,380.4770786125914
942,1001.1905555988568,1000.2462320061796,560.3817655002243
943,999.3072135651057,1000.8355433591133,549.2573511044259
944,999.98801843981,999.9218025990764,494.2516391505415
945,1000.0833102606979,999.3349244365033,450.4248441539552
946,1000.0387060085629,1001.096297384408,594.8404770774417
947,1000.2641083594673,998.9138478425658,412.90687670782347
948,1000.4563670665151,999.0944124424547,433.42313493255097
949,999.52058286306,1000.3350494906548,512.0497922742833
950,1000.3254017216386,999.6578719154027,478.04811800670416
951,998.7390190540508,999.5128600106284,413.2997399109179
952,999.8677738730072,999.1937754222732,415.84564074123193
953,998.9297807002687,1000.6577166294873,511.5858341897693
954,999.0758749135068,1000.1955018818976,472.8914243365848
955,1000.2866205242717,1001.6169440141754,657.9317362206364
956,999.6545929819297,1000.876904693194,560.6640923157406
957,1001.105424528004,1000.4727127033569,587.743082829888
958,1000.6452584298779,999.4170607405986,472.06766426506164
959,998.9280852495452,999.2577785181284,390.8626783254045
960,998.9300525231216,998.5349489211923,329.0670351290492
961,999.4651048796204,1000.5181270900513,526.7267308621437
962,1000.8275777655313,999.0524337166389,452.1023860774978
963,1000.8758650693394,998.5870991634101,413.87226233784173
964,1000.8259759498512,1001.51666861716,666.4417081533038
965,1000.8707352407193,999.4312160572487,487.76923069610143
966,1000.5972099256807,1000.3917989458416,560.6378551057595
967,999.2408065884624,999.7367864493367,449.8104762596465
968,1000.5849395908873,999.76260825347,499.9483098716154
969,1000.1813304477496,999.0771653329252,429.26772106253816
970,999.4709343680788,1000.2807829745942,508.9117648312799
971,1000.1547789629,1000.481868423038,546.2039332153029
972,1000.7431472865062,1000.9678423435463,621.5970322630156
973,999.1536757174773,999.3566518636914,413.8417803555996
974,1000.9700116133523,998.9549396098377,449.0260696578263
975,1000.5074433719252,999.1633271747647,447.05319043198637
976,999.7915866890021,1001.1916947834366,595.4864806458586
977,999.0781653587379,1000.129222660384,480.87733295706465
978,1000.0887557378168,1001.8535356107338,667.708564873697
979,1000.3287668581552,1000.9175507328108,594.6095887530881
980,1000.159990971344,1000.9880043909012,600.0432909105972
981,1001.1767365922752,999.525139242516,508.1997820470308
982,998.2787342876436,999.1751519770315,359.1950799155941
983,998.6287528771857,999.1641436797902,365.88328070579985
984,1000.0006930467548,1000.8749842857544,576.7384252541588
985,1001.040520848454,999.8086418557857,515.3251905810469
986,999.8160043504872,999.271888214223,423.65453318503705
987,999.4720257968601,1000.547553460226,543.4922776360299
988,1000.3170631503624,1000.7758768523317,577.2929236694818
989,1001.0989500213094,998.5612485230116,421.058946419443
990,1001.7247400689897,1000.638738062489,625.0801846230727
991,998.8385076877803,999.7059234196794,434.2752828285205
992,1000.5473533213733,1001.56584256576,657.7342506736768
993,1000.127270044991,1000.0946505942577,518.3561442572383
994,998.9604109506528,1000.2422432536572,481.86280606911987
995,1000.0189880645115,999.672731720676,476.52607825585363
996,998.8553786888547,1000.0200261557756,457.3131860879925
997,1001.4516461723787,998.8476055350642,456.72099248673385
998,1000.7710227509133,998.5628508600397,403.315575615986
999,999.2322435973798,1001.451407131737,599.3670934765122
